Investment Date: 2010-01-08;CDB Rate: 100;Initial Value: R$1000;Evaluation Date: 2019-11-29
2010-01-11;1000.32817
2010-01-12;1000.6564477
2010-01-13;1000.98483312
2010-01-14;1001.31332631
2010-01-15;1001.64155682
2010-01-18;1001.96989493
2010-01-19;1002.29834066
2010-01-20;1002.6272649
2010-01-21;1002.95629709
2010-01-22;1003.28543726
2010-01-25;1003.61468544
2010-01-26;1003.94404167
2010-01-27;1004.27350599
2010-01-28;1004.60307843
2010-01-29;1004.93313072
2010-02-01;1005.26329145
2010-02-02;1005.59318871
2010-02-03;1005.92282215
2010-02-04;1006.25293585
2010-02-05;1006.58315787
2010-02-08;1006.91348827
2010-02-09;1007.24392707
2010-02-10;1007.57447431
2010-02-11;1007.90513002
2010-02-12;1008.23589425
2010-02-17;1008.56676702
2010-02-18;1008.89812155
2010-02-19;1009.22958494
2010-02-22;1009.56115722
2010-02-23;1009.89283845
2010-02-24;1010.22425498
2010-02-25;1010.55578027
2010-02-26;1010.88741436
2010-03-01;1011.21878326
2010-03-02;1011.55063493
2010-03-03;1011.8825955
2010-03-04;1012.21429061
2010-03-05;1012.54609446
2010-03-08;1012.87875635
2010-03-09;1013.21152754
2010-03-10;1013.54440805
2010-03-11;1013.87702292
2010-03-12;1014.20937181
2010-03-15;1014.5422049
2010-03-16;1014.87477183
2010-03-17;1015.20782329
2010-03-18;1015.54060841
2010-03-19;1015.87387837
2010-03-22;1016.2072577
2010-03-23;1016.54074644
2010-03-24;1016.87434462
2010-03-25;1017.20767603
2010-03-26;1017.54075051
2010-03-29;1017.87244844
2010-03-30;1018.20536398
2010-03-31;1018.5391317
2010-04-01;1018.87189862
2010-04-05;1019.20588483
2010-04-06;1019.54035763
2010-04-07;1019.87531742
2010-04-08;1020.2100099
2010-04-09;1020.54481222
2010-04-12;1020.88010201
2010-04-13;1021.21512423
2010-04-14;1021.54987855
2010-04-15;1021.88512057
2010-04-16;1022.22085071
2010-04-19;1022.55669115
2010-04-20;1022.89264193
2010-04-22;1023.2283246
2010-04-23;1023.56411744
2010-04-26;1023.90002048
2010-04-27;1024.23641259
2010-04-28;1024.57253626
2010-04-29;1024.93713039
2010-04-30;1025.30185427
2010-05-03;1025.66782551
2010-05-04;1026.03392739
2010-05-05;1026.40015994
2010-05-06;1026.76577394
2010-05-07;1027.13151818
2010-05-10;1027.49702293
2010-05-11;1027.86228784
2010-05-12;1028.22805264
2010-05-13;1028.59394759
2010-05-14;1028.95997275
2010-05-17;1029.32612815
2010-05-18;1029.6920433
2010-05-19;1030.05808852
2010-05-20;1030.42426387
2010-05-21;1030.79056939
2010-05-24;1031.15737622
2010-05-25;1031.52431357
2010-05-26;1031.8913815
2010-05-27;1032.25820856
2010-05-28;1032.62553765
2010-05-31;1032.9926257
2010-06-01;1033.36095988
2010-06-02;1033.7294254
2010-06-04;1034.09765016
2010-06-07;1034.46637836
2010-06-08;1034.83486562
2010-06-09;1035.20311161
2010-06-10;1035.59919067
2010-06-11;1035.99393002
2010-06-14;1036.3899387
2010-06-15;1036.78685532
2010-06-16;1037.18354034
2010-06-17;1037.58037713
2010-06-18;1037.97774966
2010-06-21;1038.37527438
2010-06-22;1038.77295134
2010-06-23;1039.17078061
2010-06-24;1039.56876223
2010-06-25;1039.96689628
2010-06-28;1040.3651828
2010-06-29;1040.76362186
2010-06-30;1041.16182843
2010-07-01;1041.5609474
2010-07-02;1041.96021938
2010-07-05;1042.35964441
2010-07-06;1042.75922255
2010-07-07;1043.15895387
2010-07-08;1043.55883843
2010-07-09;1043.95887627
2010-07-12;1044.35906747
2010-07-13;1044.75941207
2010-07-14;1045.15953403
2010-07-15;1045.56018549
2010-07-16;1045.96099053
2010-07-19;1046.36157267
2010-07-20;1046.76268491
2010-07-21;1047.16395092
2010-07-22;1047.58419876
2010-07-23;1048.00461525
2010-07-26;1048.42520046
2010-07-27;1048.84557703
2010-07-28;1049.26612215
2010-07-29;1049.6868359
2010-07-30;1050.10771833
2010-08-02;1050.5295256
2010-08-03;1050.95112411
2010-08-04;1051.37289181
2010-08-05;1051.79482878
2010-08-06;1052.21693508
2010-08-09;1052.63921078
2010-08-10;1053.06165595
2010-08-11;1053.48427066
2010-08-12;1053.90705496
2010-08-13;1054.33000894
2010-08-16;1054.75313266
2010-08-17;1055.17642619
2010-08-18;1055.59950973
2010-08-19;1056.02276291
2010-08-20;1056.44618579
2010-08-23;1056.86977846
2010-08-24;1057.29354096
2010-08-25;1057.71785401
2010-08-26;1058.14195656
2010-08-27;1058.56661009
2010-08-30;1058.99029079
2010-08-31;1059.41490354
2010-09-01;1059.83968654
2010-09-02;1060.26463986
2010-09-03;1060.68938187
2010-09-06;1061.11391219
2010-09-08;1061.53899442
2010-09-09;1061.96501125
2010-09-10;1062.39081674
2010-09-13;1062.8164105
2010-09-14;1063.24217476
2010-09-15;1063.6665785
2010-09-16;1064.0919175
2010-09-17;1064.51819272
2010-09-20;1064.94463871
2010-09-21;1065.37125553
2010-09-22;1065.79804325
2010-09-23;1066.22538564
2010-09-24;1066.65289937
2010-09-27;1067.08058451
2010-09-28;1067.508057
2010-09-29;1067.93493212
2010-09-30;1068.36236239
2010-10-01;1068.79111758
2010-10-04;1069.22004483
2010-10-05;1069.64914422
2010-10-06;1070.07841581
2010-10-07;1070.50785968
2010-10-08;1070.9374759
2010-10-11;1071.36726452
2010-10-13;1071.79722563
2010-10-14;1072.22697345
2010-10-15;1072.65727958
2010-10-18;1073.0877584
2010-10-19;1073.51840998
2010-10-20;1073.94923439
2010-10-21;1074.38023169
2010-10-22;1074.81140197
2010-10-25;1075.24274528
2010-10-26;1075.6742617
2010-10-27;1076.10595129
2010-10-28;1076.53781413
2010-10-29;1076.96985029
2010-11-01;1077.40205983
2010-11-03;1077.83444282
2010-11-04;1078.26699934
2010-11-05;1078.69972945
2010-11-08;1079.13263323
2010-11-09;1079.56571074
2010-11-10;1079.99857341
2010-11-11;1080.43160963
2010-11-12;1080.86520845
2010-11-16;1081.29898127
2010-11-17;1081.73292818
2010-11-18;1082.16704924
2010-11-19;1082.60134452
2010-11-22;1083.03581409
2010-11-23;1083.47045802
2010-11-24;1083.90527639
2010-11-25;1084.34026925
2010-11-26;1084.77543669
2010-11-29;1085.21077877
2010-11-30;1085.64629556
2010-12-01;1086.08198713
2010-12-02;1086.51785355
2010-12-03;1086.9538949
2010-12-06;1087.39011123
2010-12-07;1087.82650263
2010-12-08;1088.26306917
2010-12-09;1088.6998109
2010-12-10;1089.13711984
2010-12-13;1089.57421235
2010-12-14;1090.01148027
2010-12-15;1090.44892368
2010-12-16;1090.88654264
2010-12-17;1091.32433723
2010-12-20;1091.76230751
2010-12-21;1092.20045356
2010-12-22;1092.63877545
2010-12-23;1093.07727324
2010-12-24;1093.51594701
2010-12-27;1093.95479683
2010-12-28;1094.39382277
2010-12-29;1094.8330249
2010-12-30;1095.27240329
2010-12-31;1095.71195801
2011-01-03;1096.15168913
2011-01-04;1096.59159673
2011-01-05;1097.03168087
2011-01-06;1097.47194162
2011-01-07;1097.91237906
2011-01-10;1098.35299326
2011-01-11;1098.79378428
2011-01-12;1099.2347522
2011-01-13;1099.67589709
2011-01-14;1100.11721902
2011-01-17;1100.55871807
2011-01-18;1101.00039429
2011-01-19;1101.44224777
2011-01-20;1101.90399439
2011-01-21;1102.36593458
2011-01-24;1102.82806843
2011-01-25;1103.29039601
2011-01-26;1103.75291741
2011-01-27;1104.21563271
2011-01-28;1104.67854199
2011-01-31;1105.14164533
2011-02-01;1105.60494281
2011-02-02;1106.06843451
2011-02-03;1106.53212052
2011-02-04;1106.99600091
2011-02-07;1107.46007578
2011-02-08;1107.92434519
2011-02-09;1108.38880924
2011-02-10;1108.85385593
2011-02-11;1109.31870964
2011-02-14;1109.78414649
2011-02-15;1110.24977863
2011-02-16;1110.71560613
2011-02-17;1111.18162907
2011-02-18;1111.64824757
2011-02-21;1112.11506202
2011-02-22;1112.5820725
2011-02-23;1113.04927909
2011-02-24;1113.51668188
2011-02-25;1113.98428094
2011-02-28;1114.45167532
2011-03-01;1114.91966701
2011-03-02;1115.38785523
2011-03-03;1115.87532434
2011-03-04;1116.36300649
2011-03-09;1116.85090178
2011-03-10;1117.33901029
2011-03-11;1117.82733214
2011-03-14;1118.31586739
2011-03-15;1118.80500757
2011-03-16;1119.29436169
2011-03-17;1119.7835381
2011-03-18;1120.27332022
2011-03-21;1120.76292447
2011-03-22;1121.2527427
2011-03-23;1121.74316744
2011-03-24;1122.23380668
2011-03-25;1122.72466053
2011-03-28;1123.21613325
2011-03-29;1123.70782111
2011-03-30;1124.19972421
2011-03-31;1124.69184264
2011-04-01;1125.18457013
2011-04-04;1125.67711968
2011-04-05;1126.1694796
2011-04-06;1126.6616607
2011-04-07;1127.15445125
2011-04-08;1127.64706283
2011-04-11;1128.1398897
2011-04-12;1128.63252583
2011-04-13;1129.12617841
2011-04-14;1129.62045339
2011-04-15;1130.11494475
2011-04-18;1130.61085049
2011-04-19;1131.10577539
2011-04-20;1131.60011385
2011-04-25;1132.1043096
2011-04-26;1132.60913756
2011-04-27;1133.11419062
2011-04-28;1133.6194689
2011-04-29;1134.12577737
2011-05-02;1134.63190368
2011-05-03;1135.13825586
2011-05-04;1135.644834
2011-05-05;1136.15163822
2011-05-06;1136.65866862
2011-05-09;1137.16552745
2011-05-10;1137.6726123
2011-05-11;1138.17951371
2011-05-12;1138.68624261
2011-05-13;1139.19319711
2011-05-16;1139.69996721
2011-05-17;1140.20777193
2011-05-18;1140.7158029
2011-05-19;1141.22406023
2011-05-20;1141.73335429
2011-05-23;1142.24287564
2011-05-24;1142.75222458
2011-05-25;1143.26180065
2011-05-26;1143.77119238
2011-05-27;1144.28122283
2011-05-30;1144.79106877
2011-05-31;1145.2999284
2011-06-01;1145.81145371
2011-06-02;1146.32239395
2011-06-03;1146.83356204
2011-06-06;1147.34577231
2011-06-07;1147.85739674
2011-06-08;1148.36883608
2011-06-09;1148.8882433
2011-06-10;1149.40870117
2011-06-13;1149.92857872
2011-06-14;1150.44827744
2011-06-15;1150.97106415
2011-06-16;1151.49408842
2011-06-17;1152.01735036
2011-06-20;1152.54044688
2011-06-21;1153.06459923
2011-06-22;1153.58857484
2011-06-24;1154.11238481
2011-06-27;1154.63643262
2011-06-28;1155.16031426
2011-06-29;1155.6848379
2011-06-30;1156.21082474
2011-07-01;1156.73705098
2011-07-04;1157.26351671
2011-07-05;1157.79063867
2011-07-06;1158.31758392
2011-07-07;1158.844769
2011-07-08;1159.37219402
2011-07-11;1159.89985909
2011-07-12;1160.42776431
2011-07-13;1160.95632756
2011-07-14;1161.48513155
2011-07-15;1162.01417642
2011-07-18;1162.54346225
2011-07-19;1163.07257066
2011-07-20;1163.60191988
2011-07-21;1164.14179626
2011-07-22;1164.68192313
2011-07-25;1165.22270824
2011-07-26;1165.76333662
2011-07-27;1166.30421584
2011-07-28;1166.845346
2011-07-29;1167.38672724
2011-08-01;1167.92876824
2011-08-02;1168.47065215
2011-08-03;1169.01278748
2011-08-04;1169.55517435
2011-08-05;1170.09781286
2011-08-08;1170.64070314
2011-08-09;1171.18384531
2011-08-10;1171.72723948
2011-08-11;1172.27088577
2011-08-12;1172.81478429
2011-08-15;1173.35893516
2011-08-16;1173.90333851
2011-08-17;1174.44799444
2011-08-18;1174.99249202
2011-08-19;1175.53765329
2011-08-22;1176.08265605
2011-08-23;1176.62832312
2011-08-24;1177.17424337
2011-08-25;1177.72000489
2011-08-26;1178.26601944
2011-08-29;1178.81228713
2011-08-30;1179.35880808
2011-08-31;1179.90558241
2011-09-01;1180.43130114
2011-09-02;1180.95725411
2011-09-05;1181.48344143
2011-09-06;1182.00986319
2011-09-08;1182.53651951
2011-09-09;1183.06341048
2011-09-12;1183.59053621
2011-09-13;1184.11789681
2011-09-14;1184.64549238
2011-09-15;1185.17332303
2011-09-16;1185.70138885
2011-09-19;1186.22927497
2011-09-20;1186.7573961
2011-09-21;1187.28616773
2011-09-22;1187.81517495
2011-09-23;1188.34441788
2011-09-26;1188.87389662
2011-09-27;1189.40361127
2011-09-28;1189.93356195
2011-09-29;1190.46374875
2011-09-30;1190.99417177
2011-10-03;1191.52525989
2011-10-04;1192.05615589
2011-10-05;1192.58728843
2011-10-06;1193.11865762
2011-10-07;1193.65026357
2011-10-10;1194.18210638
2011-10-11;1194.71418616
2011-10-13;1195.24608486
2011-10-14;1195.77822037
2011-10-17;1196.3105928
2011-10-18;1196.84320223
2011-10-19;1197.37646769
2011-10-20;1197.88911245
2011-10-21;1198.4019767
2011-10-24;1198.91506052
2011-10-25;1199.42836401
2011-10-26;1199.94188727
2011-10-27;1200.45563039
2011-10-28;1200.96959347
2011-10-31;1201.48377659
2011-11-01;1201.99817985
2011-11-03;1202.51322405
2011-11-04;1203.02806806
2011-11-07;1203.54441974
2011-11-08;1204.05970525
2011-11-09;1204.57477791
2011-11-10;1205.08963726
2011-11-11;1205.60471667
2011-11-14;1206.11916026
2011-11-16;1206.63425757
2011-11-17;1207.14957486
2011-11-18;1207.66553474
2011-11-21;1208.1821499
2011-11-22;1208.69898606
2011-11-23;1209.21604331
2011-11-24;1209.73332175
2011-11-25;1210.24996256
2011-11-28;1210.76638832
2011-11-29;1211.28259857
2011-11-30;1211.79990103
2011-12-01;1212.2962058
2011-12-02;1212.79315026
2011-12-05;1213.29073503
2011-12-06;1213.78808717
2011-12-07;1214.28520622
2011-12-08;1214.78165458
2011-12-09;1215.27744342
2011-12-12;1215.7729971
2011-12-13;1216.26919054
2011-12-14;1216.76688789
2011-12-15;1217.26522694
2011-12-16;1217.7642083
2011-12-19;1218.2638326
2011-12-20;1218.76408827
2011-12-21;1219.2641228
2011-12-22;1219.76392355
2011-12-23;1220.26392918
2011-12-26;1220.76282189
2011-12-27;1221.26235803
2011-12-28;1221.76165894
2011-12-29;1222.26204364
2011-12-30;1222.76263328
2012-01-02;1223.26430834
2012-01-03;1223.76574884
2012-01-04;1224.2673949
2012-01-05;1224.76792438
2012-01-06;1225.26909941
2012-01-09;1225.76872739
2012-01-10;1226.26900038
2012-01-11;1226.76903609
2012-01-12;1227.26883407
2012-01-13;1227.76927748
2012-01-16;1228.26992496
2012-01-17;1228.77033441
2012-01-18;1229.27050537
2012-01-19;1229.74925706
2012-01-20;1230.22863792
2012-01-23;1230.70820565
2012-01-24;1231.18840338
2012-01-25;1231.66878847
2012-01-26;1232.14847419
2012-01-27;1232.62790316
2012-01-30;1233.10751868
2012-01-31;1233.58776474
2012-02-01;1234.06775373
2012-02-02;1234.5479295
2012-02-03;1235.02918097
2012-02-06;1235.50973083
2012-02-07;1235.99046766
2012-02-08;1236.4709466
2012-02-09;1236.95205744
2012-02-10;1237.43335549
2012-02-13;1237.91394985
2012-02-14;1238.39517652
2012-02-15;1238.87659026
2012-02-16;1239.35774515
2012-02-17;1239.84087159
2012-02-22;1240.32284733
2012-02-23;1240.80501043
2012-02-24;1241.28825435
2012-02-27;1241.77168648
2012-02-28;1242.25396576
2012-02-29;1242.73598515
2012-03-01;1243.21819157
2012-03-02;1243.70013753
2012-03-05;1244.18227032
2012-03-06;1244.66414212
2012-03-07;1245.1448563
2012-03-08;1245.59471469
2012-03-09;1246.04382632
2012-03-12;1246.49175415
2012-03-13;1246.93893307
2012-03-14;1247.38582351
2012-03-15;1247.83287412
2012-03-16;1248.2818943
2012-03-19;1248.73062668
2012-03-20;1249.17952036
2012-03-21;1249.62857542
2012-03-22;1250.0777919
2012-03-23;1250.52898247
2012-03-26;1250.97897282
2012-03-27;1251.4291251
2012-03-28;1251.87898884
2012-03-29;1252.3290143
2012-03-30;1252.78101741
2012-04-02;1253.23226913
2012-04-03;1253.68368339
2012-04-04;1254.13662677
2012-04-05;1254.5892823
2012-04-09;1255.04118536
2012-04-10;1255.49416738
2012-04-11;1255.9459444
2012-04-12;1256.39743185
2012-04-13;1256.8490816
2012-04-16;1257.30042867
2012-04-17;1257.7514852
2012-04-18;1258.20315634
2012-04-19;1258.62065331
2012-04-20;1259.0387545
2012-04-23;1259.45883278
2012-04-24;1259.87674641
2012-04-25;1260.29479871
2012-04-26;1260.71298973
2012-04-27;1261.13178598
2012-04-30;1261.54933411
2012-05-02;1261.96978327
2012-05-03;1262.39037256
2012-05-04;1262.80880447
2012-05-07;1263.22737508
2012-05-08;1263.64516227
2012-05-09;1264.06308763
2012-05-10;1264.48068351
2012-05-11;1264.89841735
2012-05-14;1265.31398708
2012-05-15;1265.73384356
2012-05-16;1266.15430769
2012-05-17;1266.5753673
2012-05-18;1266.99749154
2012-05-21;1267.41837544
2012-05-22;1267.84124958
2012-05-23;1268.26472124
2012-05-24;1268.68833434
2012-05-25;1269.11255834
2012-05-28;1269.53645463
2012-05-29;1269.96096223
2012-05-30;1270.38653884
2012-05-31;1270.78996279
2012-06-01;1271.19397234
2012-06-04;1271.59858067
2012-06-05;1272.00378827
2012-06-06;1272.40725515
2012-06-08;1272.81272045
2012-06-11;1273.21644392
2012-06-12;1273.62122489
2012-06-13;1274.02660579
2012-06-14;1274.43164433
2012-06-15;1274.8358813
2012-06-18;1275.24164881
2012-06-19;1275.64614271
2012-06-20;1276.05309934
2012-06-21;1276.46065794
2012-06-22;1276.8674149
2012-06-25;1277.27523358
2012-06-26;1277.68177751
2012-06-27;1278.08938355
2012-06-28;1278.49665952
2012-06-29;1278.90499857
2012-07-02;1279.31253443
2012-07-03;1279.72020016
2012-07-04;1280.1284565
2012-07-05;1280.53638224
2012-07-06;1280.94349036
2012-07-09;1281.35167582
2012-07-10;1281.75810775
2012-07-11;1282.16373292
2012-07-12;1282.54829229
2012-07-13;1282.93201792
2012-07-16;1283.31680772
2012-07-17;1283.70030128
2012-07-18;1284.0829595
2012-07-19;1284.46714428
2012-07-20;1284.85191926
2012-07-23;1285.2368095
2012-07-24;1285.62087682
2012-07-25;1286.00599741
2012-07-26;1286.38981876
2012-07-27;1286.77280273
2012-07-30;1287.15779229
2012-07-31;1287.54289703
2012-08-01;1287.92811699
2012-08-02;1288.31298855
2012-08-03;1288.69843891
2012-08-06;1289.08354066
2012-08-07;1289.4687575
2012-08-08;1289.85408945
2012-08-09;1290.23953654
2012-08-10;1290.62509883
2012-08-13;1291.00982126
2012-08-14;1291.39607849
2012-08-15;1291.78245128
2012-08-16;1292.16847463
2012-08-17;1292.55555662
2012-08-20;1292.94323281
2012-08-21;1293.32960303
2012-08-22;1293.71561019
2012-08-23;1294.10173255
2012-08-24;1294.48844897
2012-08-27;1294.87574697
2012-08-28;1295.26316084
2012-08-29;1295.65022433
2012-08-30;1296.01636213
2012-08-31;1296.38260339
2012-09-03;1296.75038714
2012-09-04;1297.11731563
2012-09-05;1297.48434794
2012-09-06;1297.85148412
2012-09-10;1298.21824397
2012-09-11;1298.58462712
2012-09-12;1298.95064618
2012-09-13;1299.31676841
2012-09-14;1299.68251309
2012-09-17;1300.04787984
2012-09-18;1300.41286828
2012-09-19;1300.77795919
2012-09-20;1301.14411518
2012-09-21;1301.51037424
2012-09-24;1301.87673639
2012-09-25;1302.24463374
2012-09-26;1302.61215322
2012-09-27;1302.97930748
2012-09-28;1303.34656523
2012-10-01;1303.71392649
2012-10-02;1304.08090892
2012-10-03;1304.44847717
2012-10-04;1304.81614902
2012-10-05;1305.1839245
2012-10-08;1305.55180364
2012-10-09;1305.91930341
2012-10-10;1306.28594026
2012-10-11;1306.63865053
2012-10-15;1306.99145603
2012-10-16;1307.34484038
2012-10-17;1307.69880399
2012-10-18;1308.05383114
2012-10-19;1308.40895468
2012-10-22;1308.76611107
2012-10-23;1309.12336495
2012-10-24;1309.48120073
2012-10-25;1309.83816531
2012-10-26;1310.19425791
2012-10-29;1310.54996255
2012-10-30;1310.90527886
2012-10-31;1311.26166157
2012-11-01;1311.6191115
2012-11-05;1311.97714417
2012-11-06;1312.33527457
2012-11-07;1312.69398829
2012-11-08;1313.05085728
2012-11-09;1313.40782328
2012-11-12;1313.76391441
2012-11-13;1314.11961599
2012-11-14;1314.47541388
2012-11-16;1314.83082174
2012-11-19;1315.18535272
2012-11-20;1315.53899291
2012-11-21;1315.89175469
2012-11-22;1316.24949303
2012-11-23;1316.60878965
2012-11-26;1316.9686715
2012-11-27;1317.32816444
2012-11-28;1317.68726809
2012-11-29;1318.04451947
2012-11-30;1318.40138002
2012-12-03;1318.758825
2012-12-04;1319.11636689
2012-12-05;1319.47351765
2012-12-06;1319.8302769
2012-12-07;1320.18664427
2012-12-10;1320.54162926
2012-12-11;1320.8947553
2012-12-12;1321.24797576
2012-12-13;1321.60031296
2012-12-14;1321.95028594
2012-12-17;1322.29986247
2012-12-18;1322.64855295
2012-12-19;1322.995854
2012-12-20;1323.34373576
2012-12-21;1323.69270151
2012-12-24;1324.04175927
2012-12-26;1324.39237877
2012-12-27;1324.74309112
2012-12-28;1325.09389633
2012-12-31;1325.44479445
2013-01-02;1325.79676631
2013-01-03;1326.14883165
2013-01-04;1326.5014944
2013-01-07;1326.85374688
2013-01-08;1327.20560195
2013-01-09;1327.55705927
2013-01-10;1327.90910085
2013-01-11;1328.26172711
2013-01-14;1328.61495175
2013-01-15;1328.96876191
2013-01-16;1329.3226663
2013-01-17;1329.67666492
2013-01-18;1330.02976056
2013-01-21;1330.38345537
2013-01-22;1330.73724425
2013-01-23;1331.0911272
2013-01-24;1331.44510427
2013-01-25;1331.7996681
2013-01-28;1332.15432635
2013-01-29;1332.50957194
2013-01-30;1332.86491227
2013-01-31;1333.22034736
2013-02-01;1333.57587723
2013-02-04;1333.93199533
2013-02-05;1334.28820853
2013-02-06;1334.64451685
2013-02-07;1335.0004265
2013-02-08;1335.35643107
2013-02-13;1335.71253057
2013-02-14;1336.06823082
2013-02-15;1336.42402578
2013-02-18;1336.7799155
2013-02-19;1337.13540539
2013-02-20;1337.49197928
2013-02-21;1337.84864827
2013-02-22;1338.20590737
2013-02-25;1338.56524242
2013-02-26;1338.92368342
2013-02-27;1339.28222041
2013-02-28;1339.6408534
2013-03-01;1339.99958243
2013-03-04;1340.35890332
2013-03-05;1340.71832056
2013-03-06;1341.07783417
2013-03-07;1341.4374442
2013-03-08;1341.79715065
2013-03-11;1342.15695355
2013-03-12;1342.51685294
2013-03-13;1342.87684883
2013-03-14;1343.23694126
2013-03-15;1343.59713025
2013-03-18;1343.95741582
2013-03-19;1344.317798
2013-03-20;1344.67827682
2013-03-21;1345.0388523
2013-03-22;1345.39952446
2013-03-25;1345.76029335
2013-03-26;1346.12115897
2013-03-27;1346.48212136
2013-03-28;1346.84417694
2013-04-01;1347.2068282
2013-04-02;1347.56957711
2013-04-03;1347.93192509
2013-04-04;1348.29437051
2013-04-05;1348.65691338
2013-04-08;1349.01955374
2013-04-09;1349.38229161
2013-04-10;1349.74512701
2013-04-11;1350.10805998
2013-04-12;1350.47109053
2013-04-15;1350.83421871
2013-04-16;1351.19694471
2013-04-17;1351.55976811
2013-04-18;1351.93471782
2013-04-19;1352.30977155
2013-04-22;1352.68492933
2013-04-23;1353.06019118
2013-04-24;1353.43555714
2013-04-25;1353.81102723
2013-04-26;1354.18610058
2013-04-29;1354.56127784
2013-04-30;1354.93655904
2013-05-02;1355.31194421
2013-05-03;1355.68743339
2013-05-06;1356.0635282
2013-05-07;1356.43972734
2013-05-08;1356.81552897
2013-05-09;1357.19193673
2013-05-10;1357.56794676
2013-05-13;1357.94355866
2013-05-14;1358.31927448
2013-05-15;1358.69509426
2013-05-16;1359.07101802
2013-05-17;1359.44704579
2013-05-20;1359.82317759
2013-05-21;1360.19941347
2013-05-22;1360.57575344
2013-05-23;1360.95219754
2013-05-24;1361.3287458
2013-05-27;1361.70539824
2013-05-28;1362.08215488
2013-05-29;1362.45901578
2013-05-31;1362.86113193
2013-06-03;1363.26336676
2013-06-04;1363.66572031
2013-06-05;1364.06819261
2013-06-06;1364.4707837
2013-06-07;1364.87349361
2013-06-10;1365.27632237
2013-06-11;1365.67927002
2013-06-12;1366.0823366
2013-06-13;1366.48552215
2013-06-14;1366.88882668
2013-06-17;1367.29225025
2013-06-18;1367.69579289
2013-06-19;1368.09945462
2013-06-20;1368.50323549
2013-06-21;1368.90713554
2013-06-24;1369.31115479
2013-06-25;1369.71529329
2013-06-26;1370.11955106
2013-06-27;1370.52392814
2013-06-28;1370.92842457
2013-07-01;1371.33304039
2013-07-02;1371.73777562
2013-07-03;1372.14263031
2013-07-04;1372.54760449
2013-07-05;1372.95269819
2013-07-08;1373.35791144
2013-07-09;1373.7632443
2013-07-10;1374.16869678
2013-07-11;1374.59953989
2013-07-12;1375.03051809
2013-07-15;1375.46163141
2013-07-16;1375.89287989
2013-07-17;1376.32426359
2013-07-18;1376.75578253
2013-07-19;1377.18743677
2013-07-22;1377.61922635
2013-07-23;1378.05115131
2013-07-24;1378.48321168
2013-07-25;1378.91540753
2013-07-26;1379.34773887
2013-07-29;1379.78020577
2013-07-30;1380.21280826
2013-07-31;1380.64554638
2013-08-01;1381.07891721
2013-08-02;1381.51242407
2013-08-05;1381.94556966
2013-08-06;1382.37885106
2013-08-07;1382.8122683
2013-08-08;1383.24582143
2013-08-09;1383.67951049
2013-08-12;1384.11333553
2013-08-13;1384.54729658
2013-08-14;1384.98139369
2013-08-15;1385.41562691
2013-08-16;1385.84999627
2013-08-19;1386.28450182
2013-08-20;1386.7191436
2013-08-21;1387.15392165
2013-08-22;1387.58883602
2013-08-23;1388.02388675
2013-08-26;1388.45907388
2013-08-27;1388.89439745
2013-08-28;1389.32985751
2013-08-29;1389.79086495
2013-08-30;1390.25202535
2013-09-02;1390.71333878
2013-09-03;1391.17480528
2013-09-04;1391.6364249
2013-09-05;1392.0981977
2013-09-06;1392.56012373
2013-09-09;1393.02220303
2013-09-10;1393.48443565
2013-09-11;1393.94682166
2013-09-12;1394.40936109
2013-09-13;1394.87205401
2013-09-16;1395.33490045
2013-09-17;1395.79790048
2013-09-18;1396.26105414
2013-09-19;1396.72385883
2013-09-20;1397.18630013
2013-09-23;1397.64889454
2013-09-24;1398.11164212
2013-09-25;1398.58016331
2013-09-26;1399.04424018
2013-09-27;1399.50796738
2013-09-30;1399.97184829
2013-10-01;1400.43588296
2013-10-02;1400.89955328
2013-10-03;1401.36337711
2013-10-04;1401.83401099
2013-10-07;1402.30377958
2013-10-08;1402.7737056
2013-10-09;1403.24583715
2013-10-10;1403.74415781
2013-10-11;1404.24062001
2013-10-14;1404.73878841
2013-10-15;1405.23713354
2013-10-16;1405.73565547
2013-10-17;1406.23435425
2013-10-18;1406.73169715
2013-10-21;1407.23074929
2013-10-22;1407.72997847
2013-10-23;1408.22785033
2013-10-24;1408.72589827
2013-10-25;1409.22412236
2013-10-28;1409.72252266
2013-10-29;1410.22109922
2013-10-30;1410.71985212
2013-10-31;1411.21878141
2013-11-01;1411.71788716
2013-11-04;1412.21512243
2013-11-05;1412.71253284
2013-11-06;1413.21011845
2013-11-07;1413.70787932
2013-11-08;1414.20581551
2013-11-11;1414.70392708
2013-11-12;1415.2022141
2013-11-13;1415.70067662
2013-11-14;1416.19931471
2013-11-18;1416.69812843
2013-11-19;1417.19711785
2013-11-20;1417.69628302
2013-11-21;1418.195624
2013-11-22;1418.69514087
2013-11-25;1419.19483367
2013-11-26;1419.69470247
2013-11-27;1420.19474734
2013-11-28;1420.72019099
2013-11-29;1421.24582905
2013-12-02;1421.77166158
2013-12-03;1422.29768866
2013-12-04;1422.82391036
2013-12-05;1423.35032675
2013-12-06;1423.8764255
2013-12-09;1424.4073463
2013-12-10;1424.93434853
2013-12-11;1425.46154574
2013-12-12;1425.988938
2013-12-13;1426.51652539
2013-12-16;1427.04843061
2013-12-17;1427.57640999
2013-12-18;1428.10458471
2013-12-19;1428.63295484
2013-12-20;1429.16152046
2013-12-23;1429.69028164
2013-12-24;1430.21923845
2013-12-26;1430.74839096
2013-12-27;1431.27773925
2013-12-30;1431.80728339
2013-12-31;1432.33702345
2014-01-02;1432.8669595
2014-01-03;1433.39709162
2014-01-06;1433.92741988
2014-01-07;1434.45794434
2014-01-08;1434.98866509
2014-01-09;1435.5195822
2014-01-10;1436.05069573
2014-01-13;1436.58200577
2014-01-14;1437.11351238
2014-01-15;1437.64521564
2014-01-16;1438.20305073
2014-01-17;1438.76472655
2014-01-20;1439.32713969
2014-01-21;1439.88977266
2014-01-22;1440.44847869
2014-01-23;1441.00740151
2014-01-24;1441.56654121
2014-01-27;1442.12589785
2014-01-28;1442.68547155
2014-01-29;1443.24526236
2014-01-30;1443.80527039
2014-01-31;1444.36549571
2014-02-03;1444.92593841
2014-02-04;1445.48763892
2014-02-05;1446.04955778
2014-02-06;1446.61169509
2014-02-07;1447.17405092
2014-02-10;1447.73662536
2014-02-11;1448.2994185
2014-02-12;1448.86243041
2014-02-13;1449.42566119
2014-02-14;1449.98911092
2014-02-17;1450.55277969
2014-02-18;1451.11666758
2014-02-19;1451.68077467
2014-02-20;1452.24510106
2014-02-21;1452.80964682
2014-02-24;1453.37441204
2014-02-25;1453.93939681
2014-02-26;1454.50774172
2014-02-27;1455.08884665
2014-02-28;1455.67018375
2014-03-05;1456.24967149
2014-03-06;1456.82938992
2014-03-07;1457.40933913
2014-03-10;1457.98951922
2014-03-11;1458.56993027
2014-03-12;1459.15057237
2014-03-13;1459.73144562
2014-03-14;1460.31255011
2014-03-17;1460.89388593
2014-03-18;1461.47545318
2014-03-19;1462.05934185
2014-03-20;1462.6434638
2014-03-21;1463.22781912
2014-03-24;1463.8124079
2014-03-25;1464.39723023
2014-03-26;1464.98228621
2014-03-27;1465.56548101
2014-03-28;1466.14890797
2014-03-31;1466.73256719
2014-04-01;1467.31645876
2014-04-02;1467.90058277
2014-04-03;1468.4980917
2014-04-04;1469.09584385
2014-04-07;1469.69383931
2014-04-08;1470.29207819
2014-04-09;1470.89056058
2014-04-10;1471.48928658
2014-04-11;1472.0882563
2014-04-14;1472.68746982
2014-04-15;1473.28692726
2014-04-16;1473.8866287
2014-04-17;1474.48657425
2014-04-22;1475.08676401
2014-04-23;1475.68719808
2014-04-24;1476.28787655
2014-04-25;1476.88879953
2014-04-28;1477.48996712
2014-04-29;1478.09137941
2014-04-30;1478.69303651
2014-05-02;1479.29493851
2014-05-05;1479.89708551
2014-05-06;1480.49947762
2014-05-07;1481.10211493
2014-05-08;1481.70499755
2014-05-09;1482.30812557
2014-05-12;1482.91149909
2014-05-13;1483.51511822
2014-05-14;1484.11898305
2014-05-15;1484.72309368
2014-05-16;1485.32745021
2014-05-19;1485.93205275
2014-05-20;1486.53690139
2014-05-21;1487.14199624
2014-05-22;1487.74733739
2014-05-23;1488.35292494
2014-05-26;1488.958759
2014-05-27;1489.56483966
2014-05-28;1490.17116703
2014-05-29;1490.7777412
2014-05-30;1491.38456228
2014-06-02;1491.99163037
2014-06-03;1492.59894556
2014-06-04;1493.20650796
2014-06-05;1493.81431767
2014-06-06;1494.42237479
2014-06-09;1495.03283139
2014-06-10;1495.6413845
2014-06-11;1496.25018533
2014-06-12;1496.85923396
2014-06-13;1497.46853052
2014-06-16;1498.07807508
2014-06-17;1498.68786776
2014-06-18;1499.29790866
2014-06-20;1499.90819787
2014-06-23;1500.5187355
2014-06-24;1501.12952166
2014-06-25;1501.74055643
2014-06-26;1502.35183992
2014-06-27;1502.96337224
2014-06-30;1503.57515348
2014-07-01;1504.18718374
2014-07-02;1504.79946314
2014-07-03;1505.41199176
2014-07-04;1506.02476971
2014-07-07;1506.63779709
2014-07-08;1507.25107401
2014-07-09;1507.86460056
2014-07-10;1508.47837684
2014-07-11;1509.09240297
2014-07-14;1509.70667903
2014-07-15;1510.32120513
2014-07-16;1510.93598138
2014-07-17;1511.55100787
2014-07-18;1512.16628471
2014-07-21;1512.78181199
2014-07-22;1513.39758983
2014-07-23;1514.01361832
2014-07-24;1514.62989756
2014-07-25;1515.24642766
2014-07-28;1515.86320872
2014-07-29;1516.48024084
2014-07-30;1517.09752412
2014-07-31;1517.71505867
2014-08-01;1518.33284458
2014-08-04;1518.95142857
2014-08-05;1519.57026457
2014-08-06;1520.18935269
2014-08-07;1520.80869304
2014-08-08;1521.42828571
2014-08-11;1522.0481308
2014-08-12;1522.66822843
2014-08-13;1523.28857869
2014-08-14;1523.90918169
2014-08-15;1524.53058614
2014-08-18;1525.15169515
2014-08-19;1525.7730572
2014-08-20;1526.39632024
2014-08-21;1527.01873886
2014-08-22;1527.64086157
2014-08-25;1528.26488758
2014-08-26;1528.88916851
2014-08-27;1529.51205324
2014-08-28;1530.13684362
2014-08-29;1530.76023667
2014-09-01;1531.3838837
2014-09-02;1532.00778481
2014-09-03;1532.6319401
2014-09-04;1533.25634968
2014-09-05;1533.88101365
2014-09-08;1534.50593211
2014-09-09;1535.13110518
2014-09-10;1535.75819088
2014-09-11;1536.38387412
2014-09-12;1537.00981228
2014-09-15;1537.63600545
2014-09-16;1538.26245373
2014-09-17;1538.88915724
2014-09-18;1539.51611607
2014-09-19;1540.14333033
2014-09-22;1540.77080012
2014-09-23;1541.40018959
2014-09-24;1542.02983615
2014-09-25;1542.65973992
2014-09-26;1543.28823492
2014-09-29;1543.91698598
2014-09-30;1544.5459932
2014-10-01;1545.17525669
2014-10-02;1545.80477654
2014-10-03;1546.43455286
2014-10-06;1547.06458576
2014-10-07;1547.69654618
2014-10-08;1548.32876474
2014-10-09;1548.96124155
2014-10-10;1549.59397673
2014-10-13;1550.22529681
2014-10-14;1550.85854835
2014-10-15;1551.49038363
2014-10-16;1552.12415193
2014-10-17;1552.75817913
2014-10-20;1553.39246532
2014-10-21;1554.02701061
2014-10-22;1554.6618151
2014-10-23;1555.2968789
2014-10-24;1555.93220213
2014-10-27;1556.56778487
2014-10-28;1557.20362725
2014-10-29;1557.83972936
2014-10-30;1558.49001839
2014-10-31;1559.1389113
2014-11-03;1559.78807437
2014-11-04;1560.43750774
2014-11-05;1561.08888117
2014-11-06;1561.7405265
2014-11-07;1562.39244385
2014-11-10;1563.04463332
2014-11-11;1563.69709505
2014-11-12;1564.34982912
2014-11-13;1565.00283567
2014-11-14;1565.65611481
2014-11-17;1566.30966664
2014-11-18;1566.96349128
2014-11-19;1567.61758885
2014-11-20;1568.27195946
2014-11-21;1568.92660323
2014-11-24;1569.58152026
2014-11-25;1570.23671067
2014-11-26;1570.89217458
2014-11-27;1571.5479121
2014-11-28;1572.20224179
2014-12-01;1572.85684392
2014-12-02;1573.51171859
2014-12-03;1574.16854959
2014-12-04;1574.85372219
2014-12-05;1575.53919302
2014-12-08;1576.22496221
2014-12-09;1576.90991077
2014-12-10;1577.59515697
2014-12-11;1578.28182104
2014-12-12;1578.96878399
2014-12-15;1579.65604594
2014-12-16;1580.34360703
2014-12-17;1581.03146739
2014-12-18;1581.71962714
2014-12-19;1582.40808643
2014-12-22;1583.09684537
2014-12-23;1583.78478011
2014-12-24;1584.47301378
2014-12-26;1585.16154653
2014-12-29;1585.85150395
2014-12-30;1586.54063572
2014-12-31;1587.23006695
2015-01-02;1587.91979778
2015-01-05;1588.60982832
2015-01-06;1589.30015872
2015-01-07;1589.99078911
2015-01-08;1590.68171961
2015-01-09;1591.37295035
2015-01-12;1592.06448146
2015-01-13;1592.75631308
2015-01-14;1593.44844534
2015-01-15;1594.14087836
2015-01-16;1594.83361228
2015-01-19;1595.52664723
2015-01-20;1596.21998333
2015-01-21;1596.91362072
2015-01-22;1597.63703856
2015-01-23;1598.36020897
2015-01-26;1599.08370672
2015-01-27;1599.80753196
2015-01-28;1600.53168484
2015-01-29;1601.2561655
2015-01-30;1601.98097411
2015-02-02;1602.7061108
2015-02-03;1603.43215269
2015-02-04;1604.15852349
2015-02-05;1604.88522334
2015-02-06;1605.6122524
2015-02-09;1606.3396108
2015-02-10;1607.06729871
2015-02-11;1607.79531627
2015-02-12;1608.52366362
2015-02-13;1609.25234093
2015-02-18;1609.98134833
2015-02-19;1610.71068598
2015-02-20;1611.44035403
2015-02-23;1612.17035263
2015-02-24;1612.90068192
2015-02-25;1613.63134205
2015-02-26;1614.36233319
2015-02-27;1615.09365547
2015-03-02;1615.82530905
2015-03-03;1616.55729407
2015-03-04;1617.28961069
2015-03-05;1618.05140261
2015-03-06;1618.81355337
2015-03-09;1619.57606312
2015-03-10;1620.33893203
2015-03-11;1621.10216028
2015-03-12;1621.86574803
2015-03-13;1622.62969545
2015-03-16;1623.39400271
2015-03-17;1624.15866999
2015-03-18;1624.92369745
2015-03-19;1625.68908526
2015-03-20;1626.45483359
2015-03-23;1627.22151187
2015-03-24;1627.98855154
2015-03-25;1628.75595279
2015-03-26;1629.52371577
2015-03-27;1630.29184066
2015-03-30;1631.05975702
2015-03-31;1631.8280351
2015-04-01;1632.59667506
2015-04-02;1633.36567707
2015-04-06;1634.13504131
2015-04-07;1634.90476794
2015-04-08;1635.67485713
2015-04-09;1636.44530906
2015-04-10;1637.21612389
2015-04-13;1637.9873018
2015-04-14;1638.75884296
2015-04-15;1639.53074754
2015-04-16;1640.30301571
2015-04-17;1641.07564764
2015-04-20;1641.8486435
2015-04-22;1642.62200346
2015-04-23;1643.39572771
2015-04-24;1644.1698164
2015-04-27;1644.94484516
2015-04-28;1645.720815
2015-04-29;1646.49715088
2015-04-30;1647.30223859
2015-05-04;1648.10771996
2015-05-05;1648.91474887
2015-05-06;1649.72217296
2015-05-07;1650.52999241
2015-05-08;1651.33820743
2015-05-11;1652.14681821
2015-05-12;1652.95582495
2015-05-13;1653.76522783
2015-05-14;1654.57502704
2015-05-15;1655.3852228
2015-05-18;1656.19581528
2015-05-19;1657.00680468
2015-05-20;1657.81819121
2015-05-21;1658.62997504
2015-05-22;1659.44215638
2015-05-25;1660.25473542
2015-05-26;1661.06771236
2015-05-27;1661.88108738
2015-05-28;1662.6948607
2015-05-29;1663.50903249
2015-06-01;1664.32360296
2015-06-02;1665.1385723
2015-06-03;1665.9539407
2015-06-05;1666.7994623
2015-06-08;1667.64541303
2015-06-09;1668.49179311
2015-06-10;1669.33860275
2015-06-11;1670.18584217
2015-06-12;1671.03351159
2015-06-15;1671.88161123
2015-06-16;1672.7301413
2015-06-17;1673.57910203
2015-06-18;1674.42849363
2015-06-19;1675.27831633
2015-06-22;1676.12857033
2015-06-23;1676.97925587
2015-06-24;1677.83037315
2015-06-25;1678.6819224
2015-06-26;1679.53390383
2015-06-29;1680.38631767
2015-06-30;1681.23916414
2015-07-01;1682.09244346
2015-07-02;1682.94615583
2015-07-03;1683.8003015
2015-07-06;1684.65488066
2015-07-07;1685.50989355
2015-07-08;1686.36534039
2015-07-09;1687.22122139
2015-07-10;1688.07753678
2015-07-13;1688.93428677
2015-07-14;1689.79147159
2015-07-15;1690.64909145
2015-07-16;1691.50714659
2015-07-17;1692.36563721
2015-07-20;1693.22456354
2015-07-21;1694.0839258
2015-07-22;1694.94372422
2015-07-23;1695.80395901
2015-07-24;1696.66463039
2015-07-27;1697.52573859
2015-07-28;1698.38728383
2015-07-29;1699.24926633
2015-07-30;1700.14070949
2015-07-31;1701.0326203
2015-08-03;1701.92499903
2015-08-04;1702.8178459
2015-08-05;1703.71116117
2015-08-06;1704.60494508
2015-08-07;1705.49919788
2015-08-10;1706.39391982
2015-08-11;1707.28911113
2015-08-12;1708.18477207
2015-08-13;1709.08090288
2015-08-14;1709.97750382
2015-08-17;1710.87457512
2015-08-18;1711.77211703
2015-08-19;1712.6701298
2015-08-20;1713.56861367
2015-08-21;1714.4675689
2015-08-24;1715.36699573
2015-08-25;1716.26689441
2015-08-26;1717.16726519
2015-08-27;1718.06810831
2015-08-28;1718.96942402
2015-08-31;1719.87121257
2015-09-01;1720.77347421
2015-09-02;1721.67620918
2015-09-03;1722.57941773
2015-09-04;1723.48310012
2015-09-08;1724.38725659
2015-09-09;1725.29188739
2015-09-10;1726.19699277
2015-09-11;1727.10257297
2015-09-14;1728.00862825
2015-09-15;1728.91515886
2015-09-16;1729.82216504
2015-09-17;1730.72964705
2015-09-18;1731.63760513
2015-09-21;1732.54603953
2015-09-22;1733.45495051
2015-09-23;1734.36433831
2015-09-24;1735.27420319
2015-09-25;1736.18454539
2015-09-28;1737.09536516
2015-09-29;1738.00666276
2015-09-30;1738.91843843
2015-10-01;1739.83069244
2015-10-02;1740.74342502
2015-10-05;1741.65663642
2015-10-06;1742.57032691
2015-10-07;1743.48449673
2015-10-08;1744.39914613
2015-10-09;1745.31427537
2015-10-13;1746.22988469
2015-10-14;1747.14597435
2015-10-15;1748.0625446
2015-10-16;1748.97959569
2015-10-19;1749.89712788
2015-10-20;1750.81514141
2015-10-21;1751.73363654
2015-10-22;1752.65261352
2015-10-23;1753.57268604
2015-10-26;1754.49324156
2015-10-27;1755.41428033
2015-10-28;1756.33580261
2015-10-29;1757.25780865
2015-10-30;1758.18029871
2015-11-03;1759.10327304
2015-11-04;1760.0267319
2015-11-05;1760.95067553
2015-11-06;1761.8751042
2015-11-09;1762.80001815
2015-11-10;1763.72541765
2015-11-11;1764.65130294
2015-11-12;1765.57767429
2015-11-13;1766.50453195
2015-11-16;1767.43187617
2015-11-17;1768.3597072
2015-11-18;1769.28802532
2015-11-19;1770.21683076
2015-11-20;1771.14612379
2015-11-23;1772.07590465
2015-11-24;1773.00617362
2015-11-25;1773.93693094
2015-11-26;1774.86817687
2015-11-27;1775.79991167
2015-11-30;1776.73213559
2015-12-01;1777.6648489
2015-12-02;1778.59805183
2015-12-03;1779.53174467
2015-12-04;1780.46592765
2015-12-07;1781.40060105
2015-12-08;1782.33576511
2015-12-09;1783.27142009
2015-12-10;1784.20756625
2015-12-11;1785.14420386
2015-12-14;1786.08133316
2015-12-15;1787.01895442
2015-12-16;1787.95706789
2015-12-17;1788.89567383
2015-12-18;1789.8347725
2015-12-21;1790.77436416
2015-12-22;1791.71444907
2015-12-23;1792.65502749
2015-12-24;1793.59609967
2015-12-28;1794.53766588
2015-12-29;1795.47972638
2015-12-30;1796.42228141
2015-12-31;1797.36533125
2016-01-04;1798.30887616
2016-01-05;1799.25291639
2016-01-06;1800.1974522
2016-01-07;1801.14248385
2016-01-08;1802.08801161
2016-01-11;1803.03403573
2016-01-12;1803.98055648
2016-01-13;1804.92757411
2016-01-14;1805.87508889
2016-01-15;1806.82310108
2016-01-18;1807.77161093
2016-01-19;1808.72061872
2016-01-20;1809.67012469
2016-01-21;1810.61949574
2016-01-22;1811.56936483
2016-01-25;1812.51973224
2016-01-26;1813.47059821
2016-01-27;1814.42196302
2016-01-28;1815.37382693
2016-01-29;1816.32619019
2016-02-01;1817.27905308
2016-02-02;1818.23241584
2016-02-03;1819.18627875
2016-02-04;1820.14064206
2016-02-05;1821.09550604
2016-02-10;1822.05087096
2016-02-11;1823.00673706
2016-02-12;1823.96310463
2016-02-15;1824.91997391
2016-02-16;1825.87734518
2016-02-17;1826.83521869
2016-02-18;1827.79359472
2016-02-19;1828.75247352
2016-02-22;1829.71185535
2016-02-23;1830.67174049
2016-02-24;1831.63212919
2016-02-25;1832.59302172
2016-02-26;1833.55441835
2016-02-29;1834.51631933
2016-03-01;1835.47872494
2016-03-02;1836.44163543
2016-03-03;1837.40505108
2016-03-04;1838.36897214
2016-03-07;1839.33339889
2016-03-08;1840.29833158
2016-03-09;1841.26377049
2016-03-10;1842.22971587
2016-03-11;1843.19616801
2016-03-14;1844.16312715
2016-03-15;1845.13059357
2016-03-16;1846.09856753
2016-03-17;1847.0670493
2016-03-18;1848.03603914
2016-03-21;1849.00553733
2016-03-22;1849.97554412
2016-03-23;1850.94605979
2016-03-24;1851.9170846
2016-03-28;1852.88861883
2016-03-29;1853.86066272
2016-03-30;1854.83321657
2016-03-31;1855.80628062
2016-04-01;1856.77985515
2016-04-04;1857.75394043
2016-04-05;1858.72853673
2016-04-06;1859.70364431
2016-04-07;1860.67926343
2016-04-08;1861.65539438
2016-04-11;1862.63203742
2016-04-12;1863.60919281
2016-04-13;1864.58686083
2016-04-14;1865.56504174
2016-04-15;1866.54373582
2016-04-18;1867.52294333
2016-04-19;1868.50266454
2016-04-20;1869.48289972
2016-04-22;1870.46364915
2016-04-25;1871.44491308
2016-04-26;1872.4266918
2016-04-27;1873.40898557
2016-04-28;1874.39179465
2016-04-29;1875.37511933
2016-05-02;1876.35895987
2016-05-03;1877.34331655
2016-05-04;1878.32818963
2016-05-05;1879.31357938
2016-05-06;1880.29948607
2016-05-09;1881.28590999
2016-05-10;1882.27285139
2016-05-11;1883.26031055
2016-05-12;1884.24828774
2016-05-13;1885.23678324
2016-05-16;1886.2257973
2016-05-17;1887.21533022
2016-05-18;1888.20538225
2016-05-19;1889.19595368
2016-05-20;1890.18704477
2016-05-23;1891.17865579
2016-05-24;1892.17078703
2016-05-25;1893.16343875
2016-05-27;1894.15661122
2016-05-30;1895.15030472
2016-05-31;1896.14451952
2016-06-01;1897.13925589
2016-06-02;1898.13451412
2016-06-03;1899.13029447
2016-06-06;1900.12659721
2016-06-07;1901.12342263
2016-06-08;1902.12077098
2016-06-09;1903.11864256
2016-06-10;1904.11703763
2016-06-13;1905.11595647
2016-06-14;1906.11539935
2016-06-15;1907.11536655
2016-06-16;1908.11585835
2016-06-17;1909.11687501
2016-06-20;1910.11841681
2016-06-21;1911.12048403
2016-06-22;1912.12307695
2016-06-23;1913.12619584
2016-06-24;1914.12984097
2016-06-27;1915.13401263
2016-06-28;1916.13871108
2016-06-29;1917.14393661
2016-06-30;1918.14968949
2016-07-01;1919.15597
2016-07-04;1920.16277841
2016-07-05;1921.17011501
2016-07-06;1922.17798006
2016-07-07;1923.18637385
2016-07-08;1924.19529666
2016-07-11;1925.20474875
2016-07-12;1926.21473041
2016-07-13;1927.22524192
2016-07-14;1928.23628356
2016-07-15;1929.24785559
2016-07-18;1930.25995831
2016-07-19;1931.27259199
2016-07-20;1932.2857569
2016-07-21;1933.29945333
2016-07-22;1934.31368156
2016-07-25;1935.32844186
2016-07-26;1936.34373451
2016-07-27;1937.3595598
2016-07-28;1938.375918
2016-07-29;1939.39280939
2016-08-01;1940.41023425
2016-08-02;1941.42819286
2016-08-03;1942.44668551
2016-08-04;1943.46571246
2016-08-05;1944.48527401
2016-08-08;1945.50537043
2016-08-09;1946.526002
2016-08-10;1947.54716901
2016-08-11;1948.56887173
2016-08-12;1949.59111045
2016-08-15;1950.61388544
2016-08-16;1951.63719699
2016-08-17;1952.66104538
2016-08-18;1953.68543089
2016-08-19;1954.7103538
2016-08-22;1955.7358144
2016-08-23;1956.76181297
2016-08-24;1957.78834978
2016-08-25;1958.81542513
2016-08-26;1959.84303929
2016-08-29;1960.87119255
2016-08-30;1961.89988518
2016-08-31;1962.92911748
2016-09-01;1963.95888973
2016-09-02;1964.9892022
2016-09-05;1966.02005518
2016-09-06;1967.05144897
2016-09-08;1968.08338383
2016-09-09;1969.11586005
2016-09-12;1970.14887792
2016-09-13;1971.18243772
2016-09-14;1972.21653974
2016-09-15;1973.25118426
2016-09-16;1974.28637157
2016-09-19;1975.32210194
2016-09-20;1976.35837567
2016-09-21;1977.39519303
2016-09-22;1978.43255433
2016-09-23;1979.47045983
2016-09-26;1980.50890983
2016-09-27;1981.54790461
2016-09-28;1982.58744445
2016-09-29;1983.62752965
2016-09-30;1984.66816049
2016-10-03;1985.70933725
2016-10-04;1986.75106023
2016-10-05;1987.7933297
2016-10-06;1988.83614596
2016-10-07;1989.87950929
2016-10-10;1990.92341998
2016-10-11;1991.96787832
2016-10-13;1993.01288458
2016-10-14;1994.05843907
2016-10-17;1995.10454207
2016-10-18;1996.15119387
2016-10-19;1997.19839474
2016-10-20;1998.22876937
2016-10-21;1999.25967557
2016-10-24;2000.29111363
2016-10-25;2001.32308382
2016-10-26;2002.35558641
2016-10-27;2003.38862168
2016-10-28;2004.42218991
2016-10-31;2005.45629136
2016-11-01;2006.49092631
2016-11-03;2007.52609505
2016-11-04;2008.56179783
2016-11-07;2009.59803495
2016-11-08;2010.63480667
2016-11-09;2011.67211328
2016-11-10;2012.70995504
2016-11-11;2013.74833223
2016-11-14;2014.78724513
2016-11-16;2015.82669402
2016-11-17;2016.86667917
2016-11-18;2017.90720086
2016-11-21;2018.94825936
2016-11-22;2019.98985496
2016-11-23;2021.03198792
2016-11-24;2022.07465854
2016-11-25;2023.11786707
2016-11-28;2024.16161381
2016-11-29;2025.20589903
2016-11-30;2026.25072301
2016-12-01;2027.27839685
2016-12-02;2028.30659191
2016-12-05;2029.33530844
2016-12-06;2030.36454672
2016-12-07;2031.39430702
2016-12-08;2032.42458958
2016-12-09;2033.45539468
2016-12-12;2034.48672259
2016-12-13;2035.51857357
2016-12-14;2036.55094788
2016-12-15;2037.58384579
2016-12-16;2038.61726756
2016-12-19;2039.65121347
2016-12-20;2040.68568377
2016-12-21;2041.72067873
2016-12-22;2042.75619863
2016-12-23;2043.79224372
2016-12-26;2044.82881427
2016-12-27;2045.86591055
2016-12-28;2046.90353282
2016-12-29;2047.94168135
2016-12-30;2048.98035641
2017-01-02;2050.01955827
2017-01-03;2051.05928719
2017-01-04;2052.09954344
2017-01-05;2053.14032729
2017-01-06;2054.181639
2017-01-09;2055.22347884
2017-01-10;2056.26584709
2017-01-11;2057.308744
2017-01-12;2058.2980832
2017-01-13;2059.28789816
2017-01-16;2060.27818912
2017-01-17;2061.2689563
2017-01-18;2062.26019993
2017-01-19;2063.25192024
2017-01-20;2064.24411745
2017-01-23;2065.23679181
2017-01-24;2066.22994353
2017-01-25;2067.22357284
2017-01-26;2068.21767999
2017-01-27;2069.21226519
2017-01-30;2070.20732867
2017-01-31;2071.20287068
2017-02-01;2072.19889143
2017-02-02;2073.19539115
2017-02-03;2074.19237008
2017-02-06;2075.18982845
2017-02-07;2076.18776649
2017-02-08;2077.18618442
2017-02-09;2078.18508249
2017-02-10;2079.18446091
2017-02-13;2080.18431993
2017-02-14;2081.18465976
2017-02-15;2082.18548065
2017-02-16;2083.18678283
2017-02-17;2084.18856652
2017-02-20;2085.19083196
2017-02-21;2086.19357938
2017-02-22;2087.19680901
2017-02-23;2088.14527299
2017-02-24;2089.09416796
2017-03-01;2090.04349413
2017-03-02;2090.9932517
2017-03-03;2091.94344085
2017-03-06;2092.89406179
2017-03-07;2093.84511471
2017-03-08;2094.79659981
2017-03-09;2095.74851728
2017-03-10;2096.70086732
2017-03-13;2097.65365013
2017-03-14;2098.6068659
2017-03-15;2099.56051483
2017-03-16;2100.51459712
2017-03-17;2101.46911296
2017-03-20;2102.42406256
2017-03-21;2103.3794461
2017-03-22;2104.33526379
2017-03-23;2105.29151582
2017-03-24;2106.24820239
2017-03-27;2107.2053237
2017-03-28;2108.16287994
2017-03-29;2109.12087132
2017-03-30;2110.07929802
2017-03-31;2111.03816026
2017-04-03;2111.99745822
2017-04-04;2112.9571921
2017-04-05;2113.91736211
2017-04-06;2114.87796844
2017-04-07;2115.83901128
2017-04-10;2116.80049085
2017-04-11;2117.76240733
2017-04-12;2118.72476092
2017-04-13;2119.61220997
2017-04-17;2120.50003074
2017-04-18;2121.38822339
2017-04-19;2122.27678806
2017-04-20;2123.16572491
2017-04-24;2124.05503411
2017-04-25;2124.9447158
2017-04-26;2125.83477014
2017-04-27;2126.72519729
2017-04-28;2127.61599741
2017-05-02;2128.50717065
2017-05-03;2129.39871716
2017-05-04;2130.29063711
2017-05-05;2131.18293064
2017-05-08;2132.07559793
2017-05-09;2132.96863911
2017-05-10;2133.86205436
2017-05-11;2134.75584382
2017-05-12;2135.65000765
2017-05-15;2136.54454601
2017-05-16;2137.43945906
2017-05-17;2138.33474695
2017-05-18;2139.23040984
2017-05-19;2140.12644789
2017-05-22;2141.02286126
2017-05-23;2141.91965009
2017-05-24;2142.81681456
2017-05-25;2143.71435481
2017-05-26;2144.612271
2017-05-29;2145.5105633
2017-05-30;2146.40923185
2017-05-31;2147.30827682
2017-06-01;2148.13142598
2017-06-02;2148.95489068
2017-06-05;2149.77867105
2017-06-06;2150.6027672
2017-06-07;2151.42717927
2017-06-08;2152.25190736
2017-06-09;2153.07695161
2017-06-12;2153.90231213
2017-06-13;2154.72798904
2017-06-14;2155.55398247
2017-06-16;2156.38029253
2017-06-19;2157.20691935
2017-06-20;2158.03386305
2017-06-21;2158.86112375
2017-06-22;2159.68870158
2017-06-23;2160.51659664
2017-06-26;2161.34480908
2017-06-27;2162.17333899
2017-06-28;2163.00218652
2017-06-29;2163.83135178
2017-06-30;2164.66083489
2017-07-03;2165.49063598
2017-07-04;2166.32075516
2017-07-05;2167.15119255
2017-07-06;2167.98194829
2017-07-07;2168.81302249
2017-07-10;2169.64441528
2017-07-11;2170.47612677
2017-07-12;2171.30815708
2017-07-13;2172.14050635
2017-07-14;2172.9731747
2017-07-17;2173.80616223
2017-07-18;2174.63946909
2017-07-19;2175.47309538
2017-07-20;2176.30704124
2017-07-21;2177.14130678
2017-07-24;2177.97589213
2017-07-25;2178.81079741
2017-07-26;2179.64602274
2017-07-27;2180.40264326
2017-07-28;2181.15952643
2017-07-31;2181.91667234
2017-08-01;2182.67408107
2017-08-02;2183.43175272
2017-08-03;2184.18968739
2017-08-04;2184.94788515
2017-08-07;2185.70634611
2017-08-08;2186.46507036
2017-08-09;2187.22405798
2017-08-10;2187.98330907
2017-08-11;2188.74282371
2017-08-14;2189.50260201
2017-08-15;2190.26264405
2017-08-16;2191.02294992
2017-08-17;2191.78351971
2017-08-18;2192.54435353
2017-08-21;2193.30545145
2017-08-22;2194.06681357
2017-08-23;2194.82843998
2017-08-24;2195.59033078
2017-08-25;2196.35248605
2017-08-28;2197.11490589
2017-08-29;2197.87759039
2017-08-30;2198.64053963
2017-08-31;2199.40375373
2017-09-01;2200.16723275
2017-09-04;2200.9309768
2017-09-05;2201.69498597
2017-09-06;2202.45926035
2017-09-08;2203.14332217
2017-09-11;2203.82759646
2017-09-12;2204.51208327
2017-09-13;2205.19678268
2017-09-14;2205.88169475
2017-09-15;2206.56681954
2017-09-18;2207.25215713
2017-09-19;2207.93770758
2017-09-20;2208.62347095
2017-09-21;2209.30944732
2017-09-22;2209.99563674
2017-09-25;2210.68203928
2017-09-26;2211.36865502
2017-09-27;2212.05548401
2017-09-28;2212.74252632
2017-09-29;2213.42978202
2017-10-02;2214.11725118
2017-10-03;2214.80493385
2017-10-04;2215.49283012
2017-10-05;2216.18094004
2017-10-06;2216.86926368
2017-10-09;2217.5578011
2017-10-10;2218.24655238
2017-10-11;2218.93551757
2017-10-13;2219.62469676
2017-10-16;2220.31408999
2017-10-17;2221.00369734
2017-10-18;2221.69351888
2017-10-19;2222.38355467
2017-10-20;2223.07380478
2017-10-23;2223.76426927
2017-10-24;2224.45494822
2017-10-25;2225.14584168
2017-10-26;2225.77546895
2017-10-27;2226.40527437
2017-10-30;2227.03525801
2017-10-31;2227.66541991
2017-11-01;2228.29576011
2017-11-03;2228.92627868
2017-11-06;2229.55697566
2017-11-07;2230.1878511
2017-11-08;2230.81890506
2017-11-09;2231.45013758
2017-11-10;2232.08154871
2017-11-13;2232.7131385
2017-11-14;2233.34490701
2017-11-16;2233.97685429
2017-11-17;2234.60898038
2017-11-20;2235.24128533
2017-11-21;2235.87376921
2017-11-22;2236.50643205
2017-11-23;2237.13927391
2017-11-24;2237.77229484
2017-11-27;2238.40549489
2017-11-28;2239.03887411
2017-11-29;2239.67243255
2017-11-30;2240.30617026
2017-12-01;2240.94008729
2017-12-04;2241.5741837
2017-12-05;2242.20845953
2017-12-06;2242.84291484
2017-12-07;2243.43601222
2017-12-08;2244.02926644
2017-12-11;2244.62267753
2017-12-12;2245.21624556
2017-12-13;2245.80997054
2017-12-14;2246.40385253
2017-12-15;2246.99789156
2017-12-18;2247.59208769
2017-12-19;2248.18644094
2017-12-20;2248.78095136
2017-12-21;2249.37561899
2017-12-22;2249.97044388
2017-12-26;2250.56542607
2017-12-27;2251.16056559
2017-12-28;2251.75586249
2017-12-29;2252.35131681
2018-01-02;2252.94692859
2018-01-03;2253.54269788
2018-01-04;2254.13862471
2018-01-05;2254.73470913
2018-01-08;2255.33095117
2018-01-09;2255.92735089
2018-01-10;2256.52390832
2018-01-11;2257.1206235
2018-01-12;2257.71749648
2018-01-15;2258.31452729
2018-01-16;2258.91171599
2018-01-17;2259.5090626
2018-01-18;2260.10656718
2018-01-19;2260.70422976
2018-01-22;2261.30205038
2018-01-23;2261.9000291
2018-01-24;2262.49816594
2018-01-25;2263.09646096
2018-01-26;2263.69491418
2018-01-29;2264.29352567
2018-01-30;2264.89229545
2018-01-31;2265.49122357
2018-02-01;2266.09031007
2018-02-02;2266.68955499
2018-02-05;2267.28895837
2018-02-06;2267.88852027
2018-02-07;2268.48824071
2018-02-08;2269.06704548
2018-02-09;2269.64599794
2018-02-14;2270.22509811
2018-02-15;2270.80434605
2018-02-16;2271.38374178
2018-02-19;2271.96328534
2018-02-20;2272.54297677
2018-02-21;2273.12281611
2018-02-22;2273.7028034
2018-02-23;2274.28293867
2018-02-26;2274.86322196
2018-02-27;2275.44365331
2018-02-28;2276.02423276
2018-03-01;2276.60496034
2018-03-02;2277.1858361
2018-03-05;2277.76686006
2018-03-06;2278.34803228
2018-03-07;2278.92935278
2018-03-08;2279.5108216
2018-03-09;2280.09243879
2018-03-12;2280.67420437
2018-03-13;2281.2561184
2018-03-14;2281.8381809
2018-03-15;2282.42039191
2018-03-16;2283.00275147
2018-03-19;2283.58525962
2018-03-20;2284.1679164
2018-03-21;2284.75072185
2018-03-22;2285.31238212
2018-03-23;2285.87418046
2018-03-26;2286.43611691
2018-03-27;2286.9981915
2018-03-28;2287.56040426
2018-03-29;2288.12275524
2018-04-02;2288.68524446
2018-04-03;2289.24787195
2018-04-04;2289.81063775
2018-04-05;2290.3735419
2018-04-06;2290.93658443
2018-04-09;2291.49976537
2018-04-10;2292.06308476
2018-04-11;2292.62654263
2018-04-12;2293.19013901
2018-04-13;2293.75387394
2018-04-16;2294.31774746
2018-04-17;2294.88175959
2018-04-18;2295.44591037
2018-04-19;2296.01019984
2018-04-20;2296.57462803
2018-04-23;2297.13919497
2018-04-24;2297.7039007
2018-04-25;2298.26874525
2018-04-26;2298.83372865
2018-04-27;2299.39885095
2018-04-30;2299.96411217
2018-05-02;2300.52951234
2018-05-03;2301.09505151
2018-05-04;2301.66072971
2018-05-07;2302.22654697
2018-05-08;2302.79250332
2018-05-09;2303.3585988
2018-05-10;2303.92483344
2018-05-11;2304.49120729
2018-05-14;2305.05772036
2018-05-15;2305.6243727
2018-05-16;2306.19116434
2018-05-17;2306.75809531
2018-05-18;2307.32516566
2018-05-21;2307.8923754
2018-05-22;2308.45972458
2018-05-23;2309.02721324
2018-05-24;2309.5948414
2018-05-25;2310.1626091
2018-05-28;2310.73051637
2018-05-29;2311.29856325
2018-05-30;2311.86674978
2018-06-01;2312.43507598
2018-06-04;2313.0035419
2018-06-05;2313.57214756
2018-06-06;2314.140893
2018-06-07;2314.70977826
2018-06-08;2315.27880336
2018-06-11;2315.84796835
2018-06-12;2316.41727325
2018-06-13;2316.98671811
2018-06-14;2317.55630296
2018-06-15;2318.12602782
2018-06-18;2318.69589275
2018-06-19;2319.26589776
2018-06-20;2319.83604289
2018-06-21;2320.40632819
2018-06-22;2320.97675367
2018-06-25;2321.54731939
2018-06-26;2322.11802537
2018-06-27;2322.68887164
2018-06-28;2323.25985825
2018-06-29;2323.83098522
2018-07-02;2324.40225259
2018-07-03;2324.97366039
2018-07-04;2325.54520867
2018-07-05;2326.11689745
2018-07-06;2326.68872676
2018-07-09;2327.26069665
2018-07-10;2327.83280715
2018-07-11;2328.40505829
2018-07-12;2328.97745011
2018-07-13;2329.54998263
2018-07-16;2330.1226559
2018-07-17;2330.69546996
2018-07-18;2331.26842482
2018-07-19;2331.84152054
2018-07-20;2332.41475714
2018-07-23;2332.98813466
2018-07-24;2333.56165314
2018-07-25;2334.1353126
2018-07-26;2334.70911308
2018-07-27;2335.28305462
2018-07-30;2335.85713726
2018-07-31;2336.43136102
2018-08-01;2337.00572594
2018-08-02;2337.58023205
2018-08-03;2338.1548794
2018-08-06;2338.72966802
2018-08-07;2339.30459793
2018-08-08;2339.87966918
2018-08-09;2340.4548818
2018-08-10;2341.03023582
2018-08-13;2341.60573129
2018-08-14;2342.18136822
2018-08-15;2342.75714667
2018-08-16;2343.33306666
2018-08-17;2343.90912823
2018-08-20;2344.48533141
2018-08-21;2345.06167624
2018-08-22;2345.63816275
2018-08-23;2346.21479098
2018-08-24;2346.79156096
2018-08-27;2347.36847273
2018-08-28;2347.94552632
2018-08-29;2348.52272177
2018-08-30;2349.10005911
2018-08-31;2349.67753838
2018-09-03;2350.25515961
2018-09-04;2350.83292283
2018-09-05;2351.41082809
2018-09-06;2351.98887541
2018-09-10;2352.56706484
2018-09-11;2353.1453964
2018-09-12;2353.72387013
2018-09-13;2354.30248607
2018-09-14;2354.88124425
2018-09-17;2355.46014471
2018-09-18;2356.03918748
2018-09-19;2356.61837259
2018-09-20;2357.19770008
2018-09-21;2357.77716999
2018-09-24;2358.35678236
2018-09-25;2358.9365372
2018-09-26;2359.51643457
2018-09-27;2360.0964745
2018-09-28;2360.67665701
2018-10-01;2361.25785561
2018-10-02;2361.83919729
2018-10-03;2362.4206821
2018-10-04;2363.00231007
2018-10-05;2363.58408124
2018-10-08;2364.16599564
2018-10-09;2364.74805331
2018-10-10;2365.33025428
2018-10-11;2365.91259859
2018-10-15;2366.49508627
2018-10-16;2367.07771736
2018-10-17;2367.6604919
2018-10-18;2368.24340991
2018-10-19;2368.82647144
2018-10-22;2369.40967651
2018-10-23;2369.99302518
2018-10-24;2370.57651746
2018-10-25;2371.1601534
2018-10-26;2371.74393303
2018-10-29;2372.32785638
2018-10-30;2372.9119235
2018-10-31;2373.49613442
2018-11-01;2374.08048917
2018-11-05;2374.66498778
2018-11-06;2375.2496303
2018-11-07;2375.83441676
2018-11-08;2376.4193472
2018-11-09;2377.00442164
2018-11-12;2377.58964013
2018-11-13;2378.1750027
2018-11-14;2378.76050938
2018-11-16;2379.34616022
2018-11-19;2379.93195524
2018-11-20;2380.51789449
2018-11-21;2381.103978
2018-11-22;2381.6902058
2018-11-23;2382.27657793
2018-11-26;2382.86309442
2018-11-27;2383.44975531
2018-11-28;2384.03656064
2018-11-29;2384.62351044
2018-11-30;2385.21060475
2018-12-03;2385.7978436
2018-12-04;2386.38522703
2018-12-05;2386.97275508
2018-12-06;2387.56042777
2018-12-07;2388.14824514
2018-12-10;2388.73620724
2018-12-11;2389.3243141
2018-12-12;2389.91256574
2018-12-13;2390.50096222
2018-12-14;2391.08950355
2018-12-17;2391.67818979
2018-12-18;2392.26702096
2018-12-19;2392.8559971
2018-12-20;2393.44511825
2018-12-21;2394.03438443
2018-12-24;2394.6237957
2018-12-26;2395.21335208
2018-12-27;2395.80305361
2018-12-28;2396.39290032
2018-12-31;2396.98289225
2019-01-02;2397.57302944
2019-01-03;2398.16331192
2019-01-04;2398.75373973
2019-01-07;2399.3443129
2019-01-08;2399.93503147
2019-01-09;2400.52589547
2019-01-10;2401.11690495
2019-01-11;2401.70805993
2019-01-14;2402.29936045
2019-01-15;2402.89080655
2019-01-16;2403.48239827
2019-01-17;2404.07413564
2019-01-18;2404.66601869
2019-01-21;2405.25804746
2019-01-22;2405.850222
2019-01-23;2406.44254232
2019-01-24;2407.03500847
2019-01-25;2407.62762049
2019-01-28;2408.22037841
2019-01-29;2408.81328227
2019-01-30;2409.4063321
2019-01-31;2409.99952794
2019-02-01;2410.59286982
2019-02-04;2411.18635779
2019-02-05;2411.77999187
2019-02-06;2412.3737721
2019-02-07;2412.96769853
2019-02-08;2413.56177117
2019-02-11;2414.15599008
2019-02-12;2414.75035529
2019-02-13;2415.34486682
2019-02-14;2415.93952473
2019-02-15;2416.53432904
2019-02-18;2417.12927979
2019-02-19;2417.72437702
2019-02-20;2418.31962076
2019-02-21;2418.91501105
2019-02-22;2419.51054793
2019-02-25;2420.10623143
2019-02-26;2420.70206158
2019-02-27;2421.29803843
2019-02-28;2421.894162
2019-03-01;2422.49043235
2019-03-06;2423.08684949
2019-03-07;2423.68341347
2019-03-08;2424.28012433
2019-03-11;2424.8769821
2019-03-12;2425.47398681
2019-03-13;2426.07113851
2019-03-14;2426.66843722
2019-03-15;2427.26588299
2019-03-18;2427.86347585
2019-03-19;2428.46121584
2019-03-20;2429.05910299
2019-03-21;2429.65713734
2019-03-22;2430.25531893
2019-03-25;2430.85364779
2019-03-26;2431.45212395
2019-03-27;2432.05074747
2019-03-28;2432.64951836
2019-03-29;2433.24843667
2019-04-01;2433.84750244
2019-04-02;2434.44671569
2019-04-03;2435.04607647
2019-04-04;2435.64558482
2019-04-05;2436.24524076
2019-04-08;2436.84504434
2019-04-09;2437.44499559
2019-04-10;2438.04509455
2019-04-11;2438.64534125
2019-04-12;2439.24573573
2019-04-15;2439.84627803
2019-04-16;2440.44696819
2019-04-17;2441.04780623
2019-04-18;2441.6487922
2019-04-22;2442.24992613
2019-04-23;2442.85120806
2019-04-24;2443.45263803
2019-04-25;2444.05421607
2019-04-26;2444.65594222
2019-04-29;2445.25781651
2019-04-30;2445.85983899
2019-05-02;2446.46200968
2019-05-03;2447.06432863
2019-05-06;2447.66679586
2019-05-07;2448.26941143
2019-05-08;2448.87217536
2019-05-09;2449.47508769
2019-05-10;2450.07814845
2019-05-13;2450.68135769
2019-05-14;2451.28471544
2019-05-15;2451.88822174
2019-05-16;2452.49187662
2019-05-17;2453.09568012
2019-05-20;2453.69963228
2019-05-21;2454.30373313
2019-05-22;2454.90798271
2019-05-23;2455.51238105
2019-05-24;2456.1169282
2019-05-27;2456.72162419
2019-05-28;2457.32646905
2019-05-29;2457.93146283
2019-05-30;2458.53660555
2019-05-31;2459.14189727
2019-06-03;2459.747338
2019-06-04;2460.3529278
2019-06-05;2460.95866669
2019-06-06;2461.56455471
2019-06-07;2462.1705919
2019-06-10;2462.7767783
2019-06-11;2463.38311395
2019-06-12;2463.98959887
2019-06-13;2464.59623311
2019-06-14;2465.2030167
2019-06-17;2465.80994968
2019-06-18;2466.41703209
2019-06-19;2467.02426397
2019-06-21;2467.63164534
2019-06-24;2468.23917625
2019-06-25;2468.84685674
2019-06-26;2469.45468683
2019-06-27;2470.06266658
2019-06-28;2470.67079601
2019-07-01;2471.27907516
2019-07-02;2471.88750406
2019-07-03;2472.49608277
2019-07-04;2473.1048113
2019-07-05;2473.71368971
2019-07-08;2474.32271802
2019-07-09;2474.93189627
2019-07-10;2475.5412245
2019-07-11;2476.15070275
2019-07-12;2476.76033106
2019-07-15;2477.37010945
2019-07-16;2477.98003797
2019-07-17;2478.59011666
2019-07-18;2479.20034554
2019-07-19;2479.81072467
2019-07-22;2480.42125407
2019-07-23;2481.03193378
2019-07-24;2481.64276384
2019-07-25;2482.25374429
2019-07-26;2482.86487516
2019-07-29;2483.4761565
2019-07-30;2484.08758833
2019-07-31;2484.69917069
2019-08-01;2485.2644646
2019-08-02;2485.82988712
2019-08-05;2486.39543827
2019-08-06;2486.9611181
2019-08-07;2487.52692662
2019-08-08;2488.09286388
2019-08-09;2488.65892988
2019-08-12;2489.22512468
2019-08-13;2489.79144828
2019-08-14;2490.35790074
2019-08-15;2490.92448206
2019-08-16;2491.49119229
2019-08-19;2492.05803145
2019-08-20;2492.62499958
2019-08-21;2493.19209669
2019-08-22;2493.75932282
2019-08-23;2494.32667801
2019-08-26;2494.89416227
2019-08-27;2495.46177564
2019-08-28;2496.02951815
2019-08-29;2496.59738982
2019-08-30;2497.1653907
2019-09-02;2497.73352079
2019-09-03;2498.30178015
2019-09-04;2498.87016879
2019-09-05;2499.43868674
2019-09-06;2500.00733403
2019-09-09;2500.5761107
2019-09-10;2501.14501677
2019-09-11;2501.71405228
2019-09-12;2502.28321724
2019-09-13;2502.85251169
2019-09-16;2503.42193567
2019-09-17;2503.99148919
2019-09-18;2504.5611723
2019-09-19;2505.08392431
2019-09-20;2505.60678542
2019-09-23;2506.12975567
2019-09-24;2506.65283507
2019-09-25;2507.17602365
2019-09-26;2507.69932143
2019-09-27;2508.22272844
2019-09-30;2508.74624468
2019-10-01;2509.2698702
2019-10-02;2509.79360501
2019-10-03;2510.31744913
2019-10-04;2510.84140259
2019-10-07;2511.3654654
2019-10-08;2511.8896376
2019-10-09;2512.41391921
2019-10-10;2512.93831024
2019-10-11;2513.46281073
2019-10-14;2513.98742068
2019-10-15;2514.51214014
2019-10-16;2515.03696911
2019-10-17;2515.56190763
2019-10-18;2516.08695571
2019-10-21;2516.61211338
2019-10-22;2517.13738066
2019-10-23;2517.66275757
2019-10-24;2518.18824414
2019-10-25;2518.71384039
2019-10-28;2519.23954635
2019-10-29;2519.76536203
2019-10-30;2520.29128745
2019-10-31;2520.76976475
2019-11-01;2521.24833289
2019-11-04;2521.72699189
2019-11-05;2522.20574176
2019-11-06;2522.68458252
2019-11-07;2523.16351419
2019-11-08;2523.64253678
2019-11-11;2524.12165031
2019-11-12;2524.60085481
2019-11-13;2525.08015028
2019-11-14;2525.55953675
2019-11-18;2526.03901423
2019-11-19;2526.51858273
2019-11-20;2526.99824229
2019-11-21;2527.4779929
2019-11-22;2527.9578346
2019-11-25;2528.43776739
2019-11-26;2528.9177913
2019-11-27;2529.39790635
2019-11-28;2529.87811254
2019-11-29;2530.3584099
