2010-01-04;1000.34
2010-01-05;1000.68
2010-01-06;1001.02
2010-01-07;1001.36
2010-01-08;1001.7
2010-01-11;1002.04
2010-01-12;1002.38
2010-01-13;1002.72
2010-01-14;1003.06
2010-01-15;1003.4
2010-01-18;1003.74
2010-01-19;1004.08
2010-01-20;1004.42
2010-01-21;1004.76
2010-01-22;1005.1
2010-01-25;1005.45
2010-01-26;1005.79
2010-01-27;1006.13
2010-01-28;1006.47
2010-01-29;1006.81
2010-02-01;1007.16
2010-02-02;1007.5
2010-02-03;1007.84
2010-02-04;1008.18
2010-02-05;1008.52
2010-02-08;1008.87
2010-02-09;1009.21
2010-02-10;1009.55
2010-02-11;1009.9
2010-02-12;1010.24
2010-02-17;1010.58
2010-02-18;1010.92
2010-02-19;1011.27
2010-02-22;1011.61
2010-02-23;1011.96
2010-02-24;1012.3
2010-02-25;1012.64
2010-02-26;1012.99
2010-03-01;1013.33
2010-03-02;1013.68
2010-03-03;1014.02
2010-03-04;1014.36
2010-03-05;1014.71
2010-03-08;1015.05
2010-03-09;1015.4
2010-03-10;1015.74
2010-03-11;1016.09
2010-03-12;1016.43
2010-03-15;1016.78
2010-03-16;1017.12
2010-03-17;1017.47
2010-03-18;1017.81
2010-03-19;1018.16
2010-03-22;1018.51
2010-03-23;1018.85
2010-03-24;1019.2
2010-03-25;1019.54
2010-03-26;1019.89
2010-03-29;1020.23
2010-03-30;1020.58
2010-03-31;1020.92
2010-04-01;1021.27
2010-04-05;1021.62
2010-04-06;1021.96
2010-04-07;1022.31
2010-04-08;1022.66
2010-04-09;1023.01
2010-04-12;1023.35
2010-04-13;1023.7
2010-04-14;1024.05
2010-04-15;1024.4
2010-04-16;1024.74
2010-04-19;1025.09
2010-04-20;1025.44
2010-04-22;1025.79
2010-04-23;1026.14
2010-04-26;1026.49
2010-04-27;1026.84
2010-04-28;1027.18
2010-04-29;1027.56
2010-04-30;1027.94
2010-05-03;1028.32
2010-05-04;1028.7
2010-05-05;1029.08
2010-05-06;1029.46
2010-05-07;1029.84
2010-05-10;1030.22
2010-05-11;1030.6
2010-05-12;1030.98
2010-05-13;1031.36
2010-05-14;1031.74
2010-05-17;1032.12
2010-05-18;1032.5
2010-05-19;1032.88
2010-05-20;1033.26
2010-05-21;1033.64
2010-05-24;1034.02
2010-05-25;1034.4
2010-05-26;1034.78
2010-05-27;1035.16
2010-05-28;1035.54
2010-05-31;1035.92
2010-06-01;1036.31
2010-06-02;1036.69
2010-06-04;1037.07
2010-06-07;1037.45
2010-06-08;1037.84
2010-06-09;1038.22
2010-06-10;1038.63
2010-06-11;1039.04
2010-06-14;1039.45
2010-06-15;1039.86
2010-06-16;1040.27
2010-06-17;1040.69
2010-06-18;1041.1
2010-06-21;1041.51
2010-06-22;1041.92
2010-06-23;1042.34
2010-06-24;1042.75
2010-06-25;1043.16
2010-06-28;1043.58
2010-06-29;1043.99
2010-06-30;1044.4
2010-07-01;1044.82
2010-07-02;1045.23
2010-07-05;1045.65
2010-07-06;1046.06
2010-07-07;1046.48
2010-07-08;1046.89
2010-07-09;1047.31
2010-07-12;1047.72
2010-07-13;1048.14
2010-07-14;1048.55
2010-07-15;1048.97
2010-07-16;1049.39
2010-07-19;1049.8
2010-07-20;1050.22
2010-07-21;1050.64
2010-07-22;1051.07
2010-07-23;1051.51
2010-07-26;1051.95
2010-07-27;1052.38
2010-07-28;1052.82
2010-07-29;1053.26
2010-07-30;1053.69
2010-08-02;1054.13
2010-08-03;1054.57
2010-08-04;1055.01
2010-08-05;1055.44
2010-08-06;1055.88
2010-08-09;1056.32
2010-08-10;1056.76
2010-08-11;1057.2
2010-08-12;1057.64
2010-08-13;1058.08
2010-08-16;1058.52
2010-08-17;1058.96
2010-08-18;1059.4
2010-08-19;1059.84
2010-08-20;1060.28
2010-08-23;1060.72
2010-08-24;1061.16
2010-08-25;1061.6
2010-08-26;1062.04
2010-08-27;1062.48
2010-08-30;1062.92
2010-08-31;1063.36
2010-09-01;1063.8
2010-09-02;1064.24
2010-09-03;1064.68
2010-09-06;1065.12
2010-09-08;1065.57
2010-09-09;1066.01
2010-09-10;1066.45
2010-09-13;1066.89
2010-09-14;1067.34
2010-09-15;1067.78
2010-09-16;1068.22
2010-09-17;1068.66
2010-09-20;1069.1
2010-09-21;1069.55
2010-09-22;1069.99
2010-09-23;1070.44
2010-09-24;1070.88
2010-09-27;1071.32
2010-09-28;1071.77
2010-09-29;1072.21
2010-09-30;1072.66
2010-10-01;1073.1
2010-10-04;1073.55
2010-10-05;1073.99
2010-10-06;1074.44
2010-10-07;1074.89
2010-10-08;1075.33
2010-10-11;1075.78
2010-10-13;1076.23
2010-10-14;1076.67
2010-10-15;1077.12
2010-10-18;1077.57
2010-10-19;1078.01
2010-10-20;1078.46
2010-10-21;1078.91
2010-10-22;1079.36
2010-10-25;1079.81
2010-10-26;1080.26
2010-10-27;1080.7
2010-10-28;1081.15
2010-10-29;1081.6
2010-11-01;1082.05
2010-11-03;1082.5
2010-11-04;1082.95
2010-11-05;1083.4
2010-11-08;1083.85
2010-11-09;1084.3
2010-11-10;1084.75
2010-11-11;1085.2
2010-11-12;1085.65
2010-11-16;1086.1
2010-11-17;1086.55
2010-11-18;1087.0
2010-11-19;1087.46
2010-11-22;1087.91
2010-11-23;1088.36
2010-11-24;1088.81
2010-11-25;1089.26
2010-11-26;1089.72
2010-11-29;1090.17
2010-11-30;1090.62
2010-12-01;1091.07
2010-12-02;1091.53
2010-12-03;1091.98
2010-12-06;1092.43
2010-12-07;1092.89
2010-12-08;1093.34
2010-12-09;1093.8
2010-12-10;1094.25
2010-12-13;1094.71
2010-12-14;1095.16
2010-12-15;1095.62
2010-12-16;1096.07
2010-12-17;1096.53
2010-12-20;1096.98
2010-12-21;1097.44
2010-12-22;1097.89
2010-12-23;1098.35
2010-12-24;1098.81
2010-12-27;1099.26
2010-12-28;1099.72
2010-12-29;1100.17
2010-12-30;1100.63
2010-12-31;1101.09
2011-01-03;1101.55
2011-01-04;1102.0
2011-01-05;1102.46
2011-01-06;1102.92
2011-01-07;1103.38
2011-01-10;1103.84
2011-01-11;1104.29
2011-01-12;1104.75
2011-01-13;1105.21
2011-01-14;1105.67
2011-01-17;1106.13
2011-01-18;1106.59
2011-01-19;1107.05
2011-01-20;1107.53
2011-01-21;1108.01
2011-01-24;1108.49
2011-01-25;1108.97
2011-01-26;1109.45
2011-01-27;1109.93
2011-01-28;1110.42
2011-01-31;1110.9
2011-02-01;1111.38
2011-02-02;1111.86
2011-02-03;1112.34
2011-02-04;1112.83
2011-02-07;1113.31
2011-02-08;1113.79
2011-02-09;1114.28
2011-02-10;1114.76
2011-02-11;1115.24
2011-02-14;1115.73
2011-02-15;1116.21
2011-02-16;1116.7
2011-02-17;1117.18
2011-02-18;1117.67
2011-02-21;1118.15
2011-02-22;1118.64
2011-02-23;1119.13
2011-02-24;1119.61
2011-02-25;1120.1
2011-02-28;1120.59
2011-03-01;1121.07
2011-03-02;1121.56
2011-03-03;1122.07
2011-03-04;1122.57
2011-03-09;1123.08
2011-03-10;1123.59
2011-03-11;1124.1
2011-03-14;1124.61
2011-03-15;1125.12
2011-03-16;1125.63
2011-03-17;1126.13
2011-03-18;1126.64
2011-03-21;1127.15
2011-03-22;1127.66
2011-03-23;1128.17
2011-03-24;1128.69
2011-03-25;1129.2
2011-03-28;1129.71
2011-03-29;1130.22
2011-03-30;1130.73
2011-03-31;1131.24
2011-04-01;1131.76
2011-04-04;1132.27
2011-04-05;1132.78
2011-04-06;1133.29
2011-04-07;1133.81
2011-04-08;1134.32
2011-04-11;1134.83
2011-04-12;1135.35
2011-04-13;1135.86
2011-04-14;1136.38
2011-04-15;1136.89
2011-04-18;1137.41
2011-04-19;1137.92
2011-04-20;1138.44
2011-04-25;1138.96
2011-04-26;1139.49
2011-04-27;1140.01
2011-04-28;1140.54
2011-04-29;1141.07
2011-05-02;1141.59
2011-05-03;1142.12
2011-05-04;1142.65
2011-05-05;1143.18
2011-05-06;1143.7
2011-05-09;1144.23
2011-05-10;1144.76
2011-05-11;1145.29
2011-05-12;1145.82
2011-05-13;1146.34
2011-05-16;1146.87
2011-05-17;1147.4
2011-05-18;1147.93
2011-05-19;1148.46
2011-05-20;1148.99
2011-05-23;1149.52
2011-05-24;1150.05
2011-05-25;1150.58
2011-05-26;1151.11
2011-05-27;1151.64
2011-05-30;1152.17
2011-05-31;1152.7
2011-06-01;1153.24
2011-06-02;1153.77
2011-06-03;1154.3
2011-06-06;1154.84
2011-06-07;1155.37
2011-06-08;1155.9
2011-06-09;1156.44
2011-06-10;1156.98
2011-06-13;1157.53
2011-06-14;1158.07
2011-06-15;1158.61
2011-06-16;1159.16
2011-06-17;1159.7
2011-06-20;1160.25
2011-06-21;1160.79
2011-06-22;1161.34
2011-06-24;1161.89
2011-06-27;1162.43
2011-06-28;1162.98
2011-06-29;1163.52
2011-06-30;1164.07
2011-07-01;1164.62
2011-07-04;1165.17
2011-07-05;1165.72
2011-07-06;1166.27
2011-07-07;1166.82
2011-07-08;1167.37
2011-07-11;1167.92
2011-07-12;1168.47
2011-07-13;1169.02
2011-07-14;1169.57
2011-07-15;1170.12
2011-07-18;1170.67
2011-07-19;1171.22
2011-07-20;1171.77
2011-07-21;1172.34
2011-07-22;1172.9
2011-07-25;1173.46
2011-07-26;1174.03
2011-07-27;1174.59
2011-07-28;1175.16
2011-07-29;1175.72
2011-08-01;1176.28
2011-08-02;1176.85
2011-08-03;1177.41
2011-08-04;1177.98
2011-08-05;1178.55
2011-08-08;1179.11
2011-08-09;1179.68
2011-08-10;1180.24
2011-08-11;1180.81
2011-08-12;1181.38
2011-08-15;1181.95
2011-08-16;1182.51
2011-08-17;1183.08
2011-08-18;1183.65
2011-08-19;1184.22
2011-08-22;1184.79
2011-08-23;1185.35
2011-08-24;1185.92
2011-08-25;1186.49
2011-08-26;1187.06
2011-08-29;1187.63
2011-08-30;1188.2
2011-08-31;1188.77
2011-09-01;1189.32
2011-09-02;1189.87
2011-09-05;1190.42
2011-09-06;1190.97
2011-09-08;1191.51
2011-09-09;1192.06
2011-09-12;1192.61
2011-09-13;1193.16
2011-09-14;1193.71
2011-09-15;1194.26
2011-09-16;1194.82
2011-09-19;1195.37
2011-09-20;1195.92
2011-09-21;1196.47
2011-09-22;1197.02
2011-09-23;1197.57
2011-09-26;1198.12
2011-09-27;1198.68
2011-09-28;1199.23
2011-09-29;1199.78
2011-09-30;1200.34
2011-10-03;1200.89
2011-10-04;1201.44
2011-10-05;1202.0
2011-10-06;1202.55
2011-10-07;1203.11
2011-10-10;1203.66
2011-10-11;1204.22
2011-10-13;1204.77
2011-10-14;1205.33
2011-10-17;1205.88
2011-10-18;1206.44
2011-10-19;1206.99
2011-10-20;1207.53
2011-10-21;1208.06
2011-10-24;1208.6
2011-10-25;1209.13
2011-10-26;1209.67
2011-10-27;1210.21
2011-10-28;1210.74
2011-10-31;1211.28
2011-11-01;1211.82
2011-11-03;1212.35
2011-11-04;1212.89
2011-11-07;1213.43
2011-11-08;1213.97
2011-11-09;1214.5
2011-11-10;1215.04
2011-11-11;1215.58
2011-11-14;1216.12
2011-11-16;1216.65
2011-11-17;1217.19
2011-11-18;1217.73
2011-11-21;1218.27
2011-11-22;1218.81
2011-11-23;1219.35
2011-11-24;1219.89
2011-11-25;1220.43
2011-11-28;1220.97
2011-11-29;1221.51
2011-11-30;1222.05
2011-12-01;1222.56
2011-12-02;1223.08
2011-12-05;1223.6
2011-12-06;1224.12
2011-12-07;1224.64
2011-12-08;1225.16
2011-12-09;1225.68
2011-12-12;1226.19
2011-12-13;1226.71
2011-12-14;1227.23
2011-12-15;1227.75
2011-12-16;1228.27
2011-12-19;1228.79
2011-12-20;1229.31
2011-12-21;1229.84
2011-12-22;1230.36
2011-12-23;1230.88
2011-12-26;1231.4
2011-12-27;1231.92
2011-12-28;1232.44
2011-12-29;1232.97
2011-12-30;1233.49
2012-01-02;1234.01
2012-01-03;1234.54
2012-01-04;1235.06
2012-01-05;1235.58
2012-01-06;1236.11
2012-01-09;1236.63
2012-01-10;1237.15
2012-01-11;1237.67
2012-01-12;1238.19
2012-01-13;1238.72
2012-01-16;1239.24
2012-01-17;1239.76
2012-01-18;1240.28
2012-01-19;1240.78
2012-01-20;1241.29
2012-01-23;1241.79
2012-01-24;1242.29
2012-01-25;1242.79
2012-01-26;1243.29
2012-01-27;1243.79
2012-01-30;1244.29
2012-01-31;1244.79
2012-02-01;1245.29
2012-02-02;1245.8
2012-02-03;1246.3
2012-02-06;1246.8
2012-02-07;1247.3
2012-02-08;1247.8
2012-02-09;1248.31
2012-02-10;1248.81
2012-02-13;1249.31
2012-02-14;1249.81
2012-02-15;1250.32
2012-02-16;1250.82
2012-02-17;1251.32
2012-02-22;1251.83
2012-02-23;1252.33
2012-02-24;1252.84
2012-02-27;1253.34
2012-02-28;1253.85
2012-02-29;1254.35
2012-03-01;1254.85
2012-03-02;1255.36
2012-03-05;1255.86
2012-03-06;1256.36
2012-03-07;1256.87
2012-03-08;1257.34
2012-03-09;1257.8
2012-03-12;1258.27
2012-03-13;1258.74
2012-03-14;1259.21
2012-03-15;1259.67
2012-03-16;1260.14
2012-03-19;1260.61
2012-03-20;1261.08
2012-03-21;1261.55
2012-03-22;1262.02
2012-03-23;1262.49
2012-03-26;1262.96
2012-03-27;1263.43
2012-03-28;1263.9
2012-03-29;1264.37
2012-03-30;1264.84
2012-04-02;1265.32
2012-04-03;1265.79
2012-04-04;1266.26
2012-04-05;1266.73
2012-04-09;1267.21
2012-04-10;1267.68
2012-04-11;1268.15
2012-04-12;1268.62
2012-04-13;1269.1
2012-04-16;1269.57
2012-04-17;1270.04
2012-04-18;1270.51
2012-04-19;1270.95
2012-04-20;1271.38
2012-04-23;1271.82
2012-04-24;1272.26
2012-04-25;1272.7
2012-04-26;1273.13
2012-04-27;1273.57
2012-04-30;1274.01
2012-05-02;1274.45
2012-05-03;1274.89
2012-05-04;1275.32
2012-05-07;1275.76
2012-05-08;1276.2
2012-05-09;1276.64
2012-05-10;1277.07
2012-05-11;1277.51
2012-05-14;1277.94
2012-05-15;1278.38
2012-05-16;1278.82
2012-05-17;1279.26
2012-05-18;1279.7
2012-05-21;1280.14
2012-05-22;1280.58
2012-05-23;1281.03
2012-05-24;1281.47
2012-05-25;1281.91
2012-05-28;1282.36
2012-05-29;1282.8
2012-05-30;1283.25
2012-05-31;1283.67
2012-06-01;1284.09
2012-06-04;1284.51
2012-06-05;1284.94
2012-06-06;1285.36
2012-06-08;1285.78
2012-06-11;1286.2
2012-06-12;1286.63
2012-06-13;1287.05
2012-06-14;1287.47
2012-06-15;1287.9
2012-06-18;1288.32
2012-06-19;1288.74
2012-06-20;1289.17
2012-06-21;1289.6
2012-06-22;1290.02
2012-06-25;1290.45
2012-06-26;1290.87
2012-06-27;1291.3
2012-06-28;1291.73
2012-06-29;1292.15
2012-07-02;1292.58
2012-07-03;1293.01
2012-07-04;1293.43
2012-07-05;1293.86
2012-07-06;1294.28
2012-07-09;1294.71
2012-07-10;1295.14
2012-07-11;1295.56
2012-07-12;1295.96
2012-07-13;1296.36
2012-07-16;1296.77
2012-07-17;1297.17
2012-07-18;1297.57
2012-07-19;1297.97
2012-07-20;1298.37
2012-07-23;1298.77
2012-07-24;1299.18
2012-07-25;1299.58
2012-07-26;1299.98
2012-07-27;1300.38
2012-07-30;1300.78
2012-07-31;1301.19
2012-08-01;1301.59
2012-08-02;1301.99
2012-08-03;1302.4
2012-08-06;1302.8
2012-08-07;1303.2
2012-08-08;1303.6
2012-08-09;1304.01
2012-08-10;1304.41
2012-08-13;1304.81
2012-08-14;1305.22
2012-08-15;1305.62
2012-08-16;1306.02
2012-08-17;1306.43
2012-08-20;1306.84
2012-08-21;1307.24
2012-08-22;1307.64
2012-08-23;1308.05
2012-08-24;1308.45
2012-08-27;1308.86
2012-08-28;1309.26
2012-08-29;1309.67
2012-08-30;1310.05
2012-08-31;1310.43
2012-09-03;1310.82
2012-09-04;1311.2
2012-09-05;1311.59
2012-09-06;1311.97
2012-09-10;1312.35
2012-09-11;1312.74
2012-09-12;1313.12
2012-09-13;1313.5
2012-09-14;1313.89
2012-09-17;1314.27
2012-09-18;1314.65
2012-09-19;1315.03
2012-09-20;1315.42
2012-09-21;1315.8
2012-09-24;1316.18
2012-09-25;1316.57
2012-09-26;1316.95
2012-09-27;1317.34
2012-09-28;1317.72
2012-10-01;1318.1
2012-10-02;1318.49
2012-10-03;1318.87
2012-10-04;1319.26
2012-10-05;1319.64
2012-10-08;1320.03
2012-10-09;1320.41
2012-10-10;1320.8
2012-10-11;1321.16
2012-10-15;1321.53
2012-10-16;1321.9
2012-10-17;1322.27
2012-10-18;1322.65
2012-10-19;1323.02
2012-10-22;1323.39
2012-10-23;1323.77
2012-10-24;1324.14
2012-10-25;1324.51
2012-10-26;1324.89
2012-10-29;1325.26
2012-10-30;1325.63
2012-10-31;1326.0
2012-11-01;1326.38
2012-11-05;1326.75
2012-11-06;1327.13
2012-11-07;1327.5
2012-11-08;1327.88
2012-11-09;1328.25
2012-11-12;1328.62
2012-11-13;1328.99
2012-11-14;1329.37
2012-11-16;1329.74
2012-11-19;1330.11
2012-11-20;1330.48
2012-11-21;1330.85
2012-11-22;1331.22
2012-11-23;1331.6
2012-11-26;1331.98
2012-11-27;1332.35
2012-11-28;1332.73
2012-11-29;1333.1
2012-11-30;1333.48
2012-12-03;1333.85
2012-12-04;1334.23
2012-12-05;1334.6
2012-12-06;1334.97
2012-12-07;1335.35
2012-12-10;1335.72
2012-12-11;1336.09
2012-12-12;1336.46
2012-12-13;1336.83
2012-12-14;1337.19
2012-12-17;1337.56
2012-12-18;1337.92
2012-12-19;1338.29
2012-12-20;1338.65
2012-12-21;1339.02
2012-12-24;1339.38
2012-12-26;1339.75
2012-12-27;1340.12
2012-12-28;1340.48
2012-12-31;1340.85
2013-01-02;1341.22
2013-01-03;1341.59
2013-01-04;1341.96
2013-01-07;1342.33
2013-01-08;1342.69
2013-01-09;1343.06
2013-01-10;1343.43
2013-01-11;1343.8
2013-01-14;1344.17
2013-01-15;1344.54
2013-01-16;1344.91
2013-01-17;1345.28
2013-01-18;1345.65
2013-01-21;1346.02
2013-01-22;1346.39
2013-01-23;1346.76
2013-01-24;1347.13
2013-01-25;1347.5
2013-01-28;1347.88
2013-01-29;1348.25
2013-01-30;1348.62
2013-01-31;1348.99
2013-02-01;1349.36
2013-02-04;1349.74
2013-02-05;1350.11
2013-02-06;1350.48
2013-02-07;1350.86
2013-02-08;1351.23
2013-02-13;1351.6
2013-02-14;1351.98
2013-02-15;1352.35
2013-02-18;1352.72
2013-02-19;1353.09
2013-02-20;1353.47
2013-02-21;1353.84
2013-02-22;1354.21
2013-02-25;1354.59
2013-02-26;1354.97
2013-02-27;1355.34
2013-02-28;1355.72
2013-03-01;1356.09
2013-03-04;1356.47
2013-03-05;1356.85
2013-03-06;1357.22
2013-03-07;1357.6
2013-03-08;1357.98
2013-03-11;1358.35
2013-03-12;1358.73
2013-03-13;1359.11
2013-03-14;1359.48
2013-03-15;1359.86
2013-03-18;1360.24
2013-03-19;1360.62
2013-03-20;1360.99
2013-03-21;1361.37
2013-03-22;1361.75
2013-03-25;1362.13
2013-03-26;1362.51
2013-03-27;1362.88
2013-03-28;1363.26
2013-04-01;1363.64
2013-04-02;1364.02
2013-04-03;1364.4
2013-04-04;1364.78
2013-04-05;1365.16
2013-04-08;1365.54
2013-04-09;1365.92
2013-04-10;1366.3
2013-04-11;1366.68
2013-04-12;1367.06
2013-04-15;1367.44
2013-04-16;1367.82
2013-04-17;1368.2
2013-04-18;1368.6
2013-04-19;1368.99
2013-04-22;1369.38
2013-04-23;1369.78
2013-04-24;1370.17
2013-04-25;1370.56
2013-04-26;1370.95
2013-04-29;1371.35
2013-04-30;1371.74
2013-05-02;1372.13
2013-05-03;1372.53
2013-05-06;1372.92
2013-05-07;1373.32
2013-05-08;1373.71
2013-05-09;1374.1
2013-05-10;1374.5
2013-05-13;1374.89
2013-05-14;1375.29
2013-05-15;1375.68
2013-05-16;1376.07
2013-05-17;1376.47
2013-05-20;1376.86
2013-05-21;1377.26
2013-05-22;1377.65
2013-05-23;1378.04
2013-05-24;1378.44
2013-05-27;1378.83
2013-05-28;1379.23
2013-05-29;1379.62
2013-05-31;1380.05
2013-06-03;1380.47
2013-06-04;1380.89
2013-06-05;1381.31
2013-06-06;1381.73
2013-06-07;1382.15
2013-06-10;1382.58
2013-06-11;1383.0
2013-06-12;1383.42
2013-06-13;1383.84
2013-06-14;1384.27
2013-06-17;1384.69
2013-06-18;1385.11
2013-06-19;1385.54
2013-06-20;1385.96
2013-06-21;1386.38
2013-06-24;1386.81
2013-06-25;1387.23
2013-06-26;1387.65
2013-06-27;1388.08
2013-06-28;1388.5
2013-07-01;1388.93
2013-07-02;1389.35
2013-07-03;1389.77
2013-07-04;1390.2
2013-07-05;1390.62
2013-07-08;1391.05
2013-07-09;1391.47
2013-07-10;1391.9
2013-07-11;1392.35
2013-07-12;1392.8
2013-07-15;1393.25
2013-07-16;1393.71
2013-07-17;1394.16
2013-07-18;1394.61
2013-07-19;1395.06
2013-07-22;1395.52
2013-07-23;1395.97
2013-07-24;1396.42
2013-07-25;1396.87
2013-07-26;1397.33
2013-07-29;1397.78
2013-07-30;1398.23
2013-07-31;1398.69
2013-08-01;1399.14
2013-08-02;1399.6
2013-08-05;1400.05
2013-08-06;1400.51
2013-08-07;1400.96
2013-08-08;1401.42
2013-08-09;1401.87
2013-08-12;1402.32
2013-08-13;1402.78
2013-08-14;1403.24
2013-08-15;1403.69
2013-08-16;1404.15
2013-08-19;1404.6
2013-08-20;1405.06
2013-08-21;1405.51
2013-08-22;1405.97
2013-08-23;1406.43
2013-08-26;1406.88
2013-08-27;1407.34
2013-08-28;1407.8
2013-08-29;1408.28
2013-08-30;1408.76
2013-09-02;1409.25
2013-09-03;1409.73
2013-09-04;1410.21
2013-09-05;1410.7
2013-09-06;1411.18
2013-09-09;1411.67
2013-09-10;1412.15
2013-09-11;1412.64
2013-09-12;1413.12
2013-09-13;1413.61
2013-09-16;1414.09
2013-09-17;1414.58
2013-09-18;1415.07
2013-09-19;1415.55
2013-09-20;1416.04
2013-09-23;1416.52
2013-09-24;1417.01
2013-09-25;1417.5
2013-09-26;1417.98
2013-09-27;1418.47
2013-09-30;1418.96
2013-10-01;1419.44
2013-10-02;1419.93
2013-10-03;1420.42
2013-10-04;1420.91
2013-10-07;1421.4
2013-10-08;1421.9
2013-10-09;1422.39
2013-10-10;1422.92
2013-10-11;1423.44
2013-10-14;1423.96
2013-10-15;1424.48
2013-10-16;1425.0
2013-10-17;1425.53
2013-10-18;1426.05
2013-10-21;1426.57
2013-10-22;1427.1
2013-10-23;1427.62
2013-10-24;1428.14
2013-10-25;1428.66
2013-10-28;1429.19
2013-10-29;1429.71
2013-10-30;1430.23
2013-10-31;1430.76
2013-11-01;1431.28
2013-11-04;1431.8
2013-11-05;1432.33
2013-11-06;1432.85
2013-11-07;1433.37
2013-11-08;1433.89
2013-11-11;1434.41
2013-11-12;1434.94
2013-11-13;1435.46
2013-11-14;1435.98
2013-11-18;1436.51
2013-11-19;1437.03
2013-11-20;1437.56
2013-11-21;1438.08
2013-11-22;1438.6
2013-11-25;1439.13
2013-11-26;1439.65
2013-11-27;1440.18
2013-11-28;1440.73
2013-11-29;1441.28
2013-12-02;1441.83
2013-12-03;1442.38
2013-12-04;1442.94
2013-12-05;1443.49
2013-12-06;1444.04
2013-12-09;1444.6
2013-12-10;1445.15
2013-12-11;1445.71
2013-12-12;1446.26
2013-12-13;1446.81
2013-12-16;1447.37
2013-12-17;1447.93
2013-12-18;1448.48
2013-12-19;1449.03
2013-12-20;1449.59
2013-12-23;1450.14
2013-12-24;1450.7
2013-12-26;1451.26
2013-12-27;1451.81
2013-12-30;1452.37
2013-12-31;1452.92
2014-01-02;1453.48
2014-01-03;1454.04
2014-01-06;1454.59
2014-01-07;1455.15
2014-01-08;1455.71
2014-01-09;1456.26
2014-01-10;1456.82
2014-01-13;1457.38
2014-01-14;1457.94
2014-01-15;1458.5
2014-01-16;1459.08
2014-01-17;1459.67
2014-01-20;1460.26
2014-01-21;1460.85
2014-01-22;1461.44
2014-01-23;1462.03
2014-01-24;1462.61
2014-01-27;1463.2
2014-01-28;1463.79
2014-01-29;1464.38
2014-01-30;1464.97
2014-01-31;1465.55
2014-02-03;1466.14
2014-02-04;1466.73
2014-02-05;1467.32
2014-02-06;1467.91
2014-02-07;1468.5
2014-02-10;1469.09
2014-02-11;1469.68
2014-02-12;1470.28
2014-02-13;1470.87
2014-02-14;1471.46
2014-02-17;1472.05
2014-02-18;1472.64
2014-02-19;1473.24
2014-02-20;1473.83
2014-02-21;1474.42
2014-02-24;1475.02
2014-02-25;1475.61
2014-02-26;1476.21
2014-02-27;1476.82
2014-02-28;1477.43
2014-03-05;1478.04
2014-03-06;1478.64
2014-03-07;1479.25
2014-03-10;1479.86
2014-03-11;1480.47
2014-03-12;1481.08
2014-03-13;1481.69
2014-03-14;1482.3
2014-03-17;1482.91
2014-03-18;1483.53
2014-03-19;1484.14
2014-03-20;1484.75
2014-03-21;1485.37
2014-03-24;1485.98
2014-03-25;1486.6
2014-03-26;1487.21
2014-03-27;1487.82
2014-03-28;1488.44
2014-03-31;1489.05
2014-04-01;1489.66
2014-04-02;1490.28
2014-04-03;1490.9
2014-04-04;1491.53
2014-04-07;1492.16
2014-04-08;1492.79
2014-04-09;1493.42
2014-04-10;1494.05
2014-04-11;1494.68
2014-04-14;1495.31
2014-04-15;1495.94
2014-04-16;1496.57
2014-04-17;1497.2
2014-04-22;1497.83
2014-04-23;1498.46
2014-04-24;1499.09
2014-04-25;1499.72
2014-04-28;1500.35
2014-04-29;1500.99
2014-04-30;1501.62
2014-05-02;1502.25
2014-05-05;1502.88
2014-05-06;1503.52
2014-05-07;1504.15
2014-05-08;1504.78
2014-05-09;1505.42
2014-05-12;1506.05
2014-05-13;1506.69
2014-05-14;1507.32
2014-05-15;1507.96
2014-05-16;1508.59
2014-05-19;1509.23
2014-05-20;1509.86
2014-05-21;1510.5
2014-05-22;1511.14
2014-05-23;1511.77
2014-05-26;1512.41
2014-05-27;1513.05
2014-05-28;1513.68
2014-05-29;1514.32
2014-05-30;1514.96
2014-06-02;1515.6
2014-06-03;1516.24
2014-06-04;1516.88
2014-06-05;1517.51
2014-06-06;1518.15
2014-06-09;1518.8
2014-06-10;1519.44
2014-06-11;1520.08
2014-06-12;1520.72
2014-06-13;1521.36
2014-06-16;1522.0
2014-06-17;1522.64
2014-06-18;1523.28
2014-06-20;1523.92
2014-06-23;1524.56
2014-06-24;1525.21
2014-06-25;1525.85
2014-06-26;1526.49
2014-06-27;1527.13
2014-06-30;1527.78
2014-07-01;1528.42
2014-07-02;1529.07
2014-07-03;1529.71
2014-07-04;1530.35
2014-07-07;1531.0
2014-07-08;1531.64
2014-07-09;1532.29
2014-07-10;1532.93
2014-07-11;1533.58
2014-07-14;1534.23
2014-07-15;1534.87
2014-07-16;1535.52
2014-07-17;1536.17
2014-07-18;1536.81
2014-07-21;1537.46
2014-07-22;1538.11
2014-07-23;1538.76
2014-07-24;1539.41
2014-07-25;1540.05
2014-07-28;1540.7
2014-07-29;1541.35
2014-07-30;1542.0
2014-07-31;1542.65
2014-08-01;1543.3
2014-08-04;1543.95
2014-08-05;1544.6
2014-08-06;1545.25
2014-08-07;1545.91
2014-08-08;1546.56
2014-08-11;1547.21
2014-08-12;1547.86
2014-08-13;1548.51
2014-08-14;1549.17
2014-08-15;1549.82
2014-08-18;1550.47
2014-08-19;1551.13
2014-08-20;1551.78
2014-08-21;1552.44
2014-08-22;1553.09
2014-08-25;1553.75
2014-08-26;1554.41
2014-08-27;1555.06
2014-08-28;1555.72
2014-08-29;1556.38
2014-09-01;1557.03
2014-09-02;1557.69
2014-09-03;1558.35
2014-09-04;1559.0
2014-09-05;1559.66
2014-09-08;1560.32
2014-09-09;1560.98
2014-09-10;1561.64
2014-09-11;1562.29
2014-09-12;1562.95
2014-09-15;1563.61
2014-09-16;1564.27
2014-09-17;1564.93
2014-09-18;1565.59
2014-09-19;1566.25
2014-09-22;1566.91
2014-09-23;1567.57
2014-09-24;1568.24
2014-09-25;1568.9
2014-09-26;1569.56
2014-09-29;1570.22
2014-09-30;1570.89
2014-10-01;1571.55
2014-10-02;1572.21
2014-10-03;1572.87
2014-10-06;1573.54
2014-10-07;1574.2
2014-10-08;1574.87
2014-10-09;1575.53
2014-10-10;1576.2
2014-10-13;1576.86
2014-10-14;1577.53
2014-10-15;1578.2
2014-10-16;1578.86
2014-10-17;1579.53
2014-10-20;1580.2
2014-10-21;1580.87
2014-10-22;1581.54
2014-10-23;1582.2
2014-10-24;1582.87
2014-10-27;1583.54
2014-10-28;1584.21
2014-10-29;1584.88
2014-10-30;1585.57
2014-10-31;1586.25
2014-11-03;1586.93
2014-11-04;1587.62
2014-11-05;1588.3
2014-11-06;1588.99
2014-11-07;1589.68
2014-11-10;1590.36
2014-11-11;1591.05
2014-11-12;1591.74
2014-11-13;1592.42
2014-11-14;1593.11
2014-11-17;1593.8
2014-11-18;1594.49
2014-11-19;1595.18
2014-11-20;1595.87
2014-11-21;1596.56
2014-11-24;1597.25
2014-11-25;1597.94
2014-11-26;1598.63
2014-11-27;1599.32
2014-11-28;1600.01
2014-12-01;1600.7
2014-12-02;1601.39
2014-12-03;1602.08
2014-12-04;1602.8
2014-12-05;1603.52
2014-12-08;1604.24
2014-12-09;1604.97
2014-12-10;1605.69
2014-12-11;1606.41
2014-12-12;1607.13
2014-12-15;1607.86
2014-12-16;1608.58
2014-12-17;1609.31
2014-12-18;1610.03
2014-12-19;1610.76
2014-12-22;1611.48
2014-12-23;1612.21
2014-12-24;1612.93
2014-12-26;1613.66
2014-12-29;1614.39
2014-12-30;1615.11
2014-12-31;1615.84
2015-01-02;1616.56
2015-01-05;1617.29
2015-01-06;1618.02
2015-01-07;1618.75
2015-01-08;1619.48
2015-01-09;1620.2
2015-01-12;1620.93
2015-01-13;1621.66
2015-01-14;1622.39
2015-01-15;1623.12
2015-01-16;1623.85
2015-01-19;1624.58
2015-01-20;1625.31
2015-01-21;1626.04
2015-01-22;1626.8
2015-01-23;1627.57
2015-01-26;1628.33
2015-01-27;1629.09
2015-01-28;1629.86
2015-01-29;1630.62
2015-01-30;1631.38
2015-02-02;1632.15
2015-02-03;1632.91
2015-02-04;1633.68
2015-02-05;1634.44
2015-02-06;1635.21
2015-02-09;1635.98
2015-02-10;1636.74
2015-02-11;1637.51
2015-02-12;1638.28
2015-02-13;1639.05
2015-02-18;1639.82
2015-02-19;1640.58
2015-02-20;1641.35
2015-02-23;1642.12
2015-02-24;1642.89
2015-02-25;1643.66
2015-02-26;1644.43
2015-02-27;1645.21
2015-03-02;1645.98
2015-03-03;1646.75
2015-03-04;1647.52
2015-03-05;1648.32
2015-03-06;1649.13
2015-03-09;1649.93
2015-03-10;1650.74
2015-03-11;1651.54
2015-03-12;1652.35
2015-03-13;1653.15
2015-03-16;1653.96
2015-03-17;1654.76
2015-03-18;1655.57
2015-03-19;1656.38
2015-03-20;1657.18
2015-03-23;1657.99
2015-03-24;1658.8
2015-03-25;1659.61
2015-03-26;1660.42
2015-03-27;1661.23
2015-03-30;1662.04
2015-03-31;1662.85
2015-04-01;1663.66
2015-04-02;1664.47
2015-04-06;1665.28
2015-04-07;1666.1
2015-04-08;1666.91
2015-04-09;1667.72
2015-04-10;1668.53
2015-04-13;1669.35
2015-04-14;1670.16
2015-04-15;1670.98
2015-04-16;1671.79
2015-04-17;1672.61
2015-04-20;1673.42
2015-04-22;1674.24
2015-04-23;1675.05
2015-04-24;1675.87
2015-04-27;1676.69
2015-04-28;1677.51
2015-04-29;1678.32
2015-04-30;1679.17
2015-05-04;1680.02
2015-05-05;1680.88
2015-05-06;1681.73
2015-05-07;1682.58
2015-05-08;1683.43
2015-05-11;1684.29
2015-05-12;1685.14
2015-05-13;1685.99
2015-05-14;1686.85
2015-05-15;1687.7
2015-05-18;1688.56
2015-05-19;1689.41
2015-05-20;1690.27
2015-05-21;1691.13
2015-05-22;1691.98
2015-05-25;1692.84
2015-05-26;1693.7
2015-05-27;1694.56
2015-05-28;1695.42
2015-05-29;1696.28
2015-06-01;1697.14
2015-06-02;1698.0
2015-06-03;1698.86
2015-06-05;1699.75
2015-06-08;1700.64
2015-06-09;1701.53
2015-06-10;1702.43
2015-06-11;1703.32
2015-06-12;1704.22
2015-06-15;1705.11
2015-06-16;1706.01
2015-06-17;1706.9
2015-06-18;1707.8
2015-06-19;1708.7
2015-06-22;1709.6
2015-06-23;1710.49
2015-06-24;1711.39
2015-06-25;1712.29
2015-06-26;1713.19
2015-06-29;1714.09
2015-06-30;1714.99
2015-07-01;1715.89
2015-07-02;1716.79
2015-07-03;1717.7
2015-07-06;1718.6
2015-07-07;1719.5
2015-07-08;1720.4
2015-07-09;1721.31
2015-07-10;1722.21
2015-07-13;1723.12
2015-07-14;1724.02
2015-07-15;1724.93
2015-07-16;1725.83
2015-07-17;1726.74
2015-07-20;1727.65
2015-07-21;1728.55
2015-07-22;1729.46
2015-07-23;1730.37
2015-07-24;1731.28
2015-07-27;1732.19
2015-07-28;1733.1
2015-07-29;1734.01
2015-07-30;1734.95
2015-07-31;1735.89
2015-08-03;1736.84
2015-08-04;1737.78
2015-08-05;1738.72
2015-08-06;1739.67
2015-08-07;1740.61
2015-08-10;1741.56
2015-08-11;1742.5
2015-08-12;1743.45
2015-08-13;1744.39
2015-08-14;1745.34
2015-08-17;1746.29
2015-08-18;1747.24
2015-08-19;1748.19
2015-08-20;1749.13
2015-08-21;1750.08
2015-08-24;1751.03
2015-08-25;1751.99
2015-08-26;1752.94
2015-08-27;1753.89
2015-08-28;1754.84
2015-08-31;1755.79
2015-09-01;1756.75
2015-09-02;1757.7
2015-09-03;1758.66
2015-09-04;1759.61
2015-09-08;1760.57
2015-09-09;1761.52
2015-09-10;1762.48
2015-09-11;1763.44
2015-09-14;1764.39
2015-09-15;1765.35
2015-09-16;1766.31
2015-09-17;1767.27
2015-09-18;1768.23
2015-09-21;1769.19
2015-09-22;1770.15
2015-09-23;1771.11
2015-09-24;1772.07
2015-09-25;1773.03
2015-09-28;1774.0
2015-09-29;1774.96
2015-09-30;1775.92
2015-10-01;1776.89
2015-10-02;1777.85
2015-10-05;1778.82
2015-10-06;1779.78
2015-10-07;1780.75
2015-10-08;1781.72
2015-10-09;1782.68
2015-10-13;1783.65
2015-10-14;1784.62
2015-10-15;1785.59
2015-10-16;1786.56
2015-10-19;1787.53
2015-10-20;1788.5
2015-10-21;1789.47
2015-10-22;1790.44
2015-10-23;1791.42
2015-10-26;1792.39
2015-10-27;1793.36
2015-10-28;1794.34
2015-10-29;1795.31
2015-10-30;1796.29
2015-11-03;1797.26
2015-11-04;1798.24
2015-11-05;1799.22
2015-11-06;1800.19
2015-11-09;1801.17
2015-11-10;1802.15
2015-11-11;1803.13
2015-11-12;1804.11
2015-11-13;1805.09
2015-11-16;1806.07
2015-11-17;1807.05
2015-11-18;1808.03
2015-11-19;1809.02
2015-11-20;1810.0
2015-11-23;1810.98
2015-11-24;1811.97
2015-11-25;1812.95
2015-11-26;1813.94
2015-11-27;1814.92
2015-11-30;1815.91
2015-12-01;1816.89
2015-12-02;1817.88
2015-12-03;1818.87
2015-12-04;1819.86
2015-12-07;1820.85
2015-12-08;1821.84
2015-12-09;1822.83
2015-12-10;1823.82
2015-12-11;1824.81
2015-12-14;1825.8
2015-12-15;1826.79
2015-12-16;1827.78
2015-12-17;1828.78
2015-12-18;1829.77
2015-12-21;1830.76
2015-12-22;1831.76
2015-12-23;1832.75
2015-12-24;1833.75
2015-12-28;1834.75
2015-12-29;1835.74
2015-12-30;1836.74
2015-12-31;1837.74
2016-01-04;1838.74
2016-01-05;1839.74
2016-01-06;1840.74
2016-01-07;1841.74
2016-01-08;1842.74
2016-01-11;1843.74
2016-01-12;1844.74
2016-01-13;1845.74
2016-01-14;1846.74
2016-01-15;1847.75
2016-01-18;1848.75
2016-01-19;1849.76
2016-01-20;1850.76
2016-01-21;1851.77
2016-01-22;1852.77
2016-01-25;1853.78
2016-01-26;1854.78
2016-01-27;1855.79
2016-01-28;1856.8
2016-01-29;1857.81
2016-02-01;1858.82
2016-02-02;1859.83
2016-02-03;1860.84
2016-02-04;1861.85
2016-02-05;1862.86
2016-02-10;1863.87
2016-02-11;1864.88
2016-02-12;1865.89
2016-02-15;1866.91
2016-02-16;1867.92
2016-02-17;1868.93
2016-02-18;1869.95
2016-02-19;1870.96
2016-02-22;1871.98
2016-02-23;1873.0
2016-02-24;1874.01
2016-02-25;1875.03
2016-02-26;1876.05
2016-02-29;1877.07
2016-03-01;1878.09
2016-03-02;1879.11
2016-03-03;1880.13
2016-03-04;1881.15
2016-03-07;1882.17
2016-03-08;1883.19
2016-03-09;1884.21
2016-03-10;1885.24
2016-03-11;1886.26
2016-03-14;1887.28
2016-03-15;1888.31
2016-03-16;1889.33
2016-03-17;1890.36
2016-03-18;1891.39
2016-03-21;1892.41
2016-03-22;1893.44
2016-03-23;1894.47
2016-03-24;1895.5
2016-03-28;1896.53
2016-03-29;1897.56
2016-03-30;1898.59
2016-03-31;1899.62
2016-04-01;1900.65
2016-04-04;1901.68
2016-04-05;1902.71
2016-04-06;1903.75
2016-04-07;1904.78
2016-04-08;1905.81
2016-04-11;1906.85
2016-04-12;1907.88
2016-04-13;1908.92
2016-04-14;1909.96
2016-04-15;1910.99
2016-04-18;1912.03
2016-04-19;1913.07
2016-04-20;1914.11
2016-04-22;1915.15
2016-04-25;1916.19
2016-04-26;1917.23
2016-04-27;1918.27
2016-04-28;1919.31
2016-04-29;1920.35
2016-05-02;1921.4
2016-05-03;1922.44
2016-05-04;1923.48
2016-05-05;1924.53
2016-05-06;1925.57
2016-05-09;1926.62
2016-05-10;1927.66
2016-05-11;1928.71
2016-05-12;1929.76
2016-05-13;1930.81
2016-05-16;1931.85
2016-05-17;1932.9
2016-05-18;1933.95
2016-05-19;1935.0
2016-05-20;1936.05
2016-05-23;1937.1
2016-05-24;1938.16
2016-05-25;1939.21
2016-05-27;1940.26
2016-05-30;1941.32
2016-05-31;1942.37
2016-06-01;1943.42
2016-06-02;1944.48
2016-06-03;1945.53
2016-06-06;1946.59
2016-06-07;1947.65
2016-06-08;1948.71
2016-06-09;1949.76
2016-06-10;1950.82
2016-06-13;1951.88
2016-06-14;1952.94
2016-06-15;1954.0
2016-06-16;1955.06
2016-06-17;1956.12
2016-06-20;1957.19
2016-06-21;1958.25
2016-06-22;1959.31
2016-06-23;1960.38
2016-06-24;1961.44
2016-06-27;1962.51
2016-06-28;1963.57
2016-06-29;1964.64
2016-06-30;1965.7
2016-07-01;1966.77
2016-07-04;1967.84
2016-07-05;1968.91
2016-07-06;1969.98
2016-07-07;1971.05
2016-07-08;1972.12
2016-07-11;1973.19
2016-07-12;1974.26
2016-07-13;1975.33
2016-07-14;1976.4
2016-07-15;1977.48
2016-07-18;1978.55
2016-07-19;1979.62
2016-07-20;1980.7
2016-07-21;1981.78
2016-07-22;1982.85
2016-07-25;1983.93
2016-07-26;1985.0
2016-07-27;1986.08
2016-07-28;1987.16
2016-07-29;1988.24
2016-08-01;1989.32
2016-08-02;1990.4
2016-08-03;1991.48
2016-08-04;1992.56
2016-08-05;1993.64
2016-08-08;1994.73
2016-08-09;1995.81
2016-08-10;1996.89
2016-08-11;1997.98
2016-08-12;1999.06
2016-08-15;2000.15
2016-08-16;2001.23
2016-08-17;2002.32
2016-08-18;2003.41
2016-08-19;2004.5
2016-08-22;2005.58
2016-08-23;2006.67
2016-08-24;2007.76
2016-08-25;2008.85
2016-08-26;2009.94
2016-08-29;2011.03
2016-08-30;2012.13
2016-08-31;2013.22
2016-09-01;2014.31
2016-09-02;2015.41
2016-09-05;2016.5
2016-09-06;2017.59
2016-09-08;2018.69
2016-09-09;2019.79
2016-09-12;2020.88
2016-09-13;2021.98
2016-09-14;2023.08
2016-09-15;2024.18
2016-09-16;2025.28
2016-09-19;2026.38
2016-09-20;2027.48
2016-09-21;2028.58
2016-09-22;2029.68
2016-09-23;2030.78
2016-09-26;2031.88
2016-09-27;2032.99
2016-09-28;2034.09
2016-09-29;2035.19
2016-09-30;2036.3
2016-10-03;2037.41
2016-10-04;2038.51
2016-10-05;2039.62
2016-10-06;2040.73
2016-10-07;2041.83
2016-10-10;2042.94
2016-10-11;2044.05
2016-10-13;2045.16
2016-10-14;2046.27
2016-10-17;2047.38
2016-10-18;2048.49
2016-10-19;2049.61
2016-10-20;2050.7
2016-10-21;2051.8
2016-10-24;2052.89
2016-10-25;2053.99
2016-10-26;2055.08
2016-10-27;2056.18
2016-10-28;2057.28
2016-10-31;2058.38
2016-11-01;2059.48
2016-11-03;2060.58
2016-11-04;2061.68
2016-11-07;2062.78
2016-11-08;2063.88
2016-11-09;2064.98
2016-11-10;2066.08
2016-11-11;2067.19
2016-11-14;2068.29
2016-11-16;2069.4
2016-11-17;2070.5
2016-11-18;2071.61
2016-11-21;2072.71
2016-11-22;2073.82
2016-11-23;2074.93
2016-11-24;2076.04
2016-11-25;2077.14
2016-11-28;2078.25
2016-11-29;2079.36
2016-11-30;2080.47
2016-12-01;2081.56
2016-12-02;2082.66
2016-12-05;2083.75
2016-12-06;2084.84
2016-12-07;2085.94
2016-12-08;2087.03
2016-12-09;2088.13
2016-12-12;2089.23
2016-12-13;2090.32
2016-12-14;2091.42
2016-12-15;2092.52
2016-12-16;2093.62
2016-12-19;2094.71
2016-12-20;2095.81
2016-12-21;2096.91
2016-12-22;2098.02
2016-12-23;2099.12
2016-12-26;2100.22
2016-12-27;2101.32
2016-12-28;2102.42
2016-12-29;2103.53
2016-12-30;2104.63
2017-01-02;2105.74
2017-01-03;2106.84
2017-01-04;2107.95
2017-01-05;2109.05
2017-01-06;2110.16
2017-01-09;2111.27
2017-01-10;2112.38
2017-01-11;2113.49
2017-01-12;2114.54
2017-01-13;2115.59
2017-01-16;2116.64
2017-01-17;2117.7
2017-01-18;2118.75
2017-01-19;2119.81
2017-01-20;2120.86
2017-01-23;2121.92
2017-01-24;2122.97
2017-01-25;2124.03
2017-01-26;2125.09
2017-01-27;2126.14
2017-01-30;2127.2
2017-01-31;2128.26
2017-02-01;2129.32
2017-02-02;2130.38
2017-02-03;2131.44
2017-02-06;2132.5
2017-02-07;2133.56
2017-02-08;2134.62
2017-02-09;2135.69
2017-02-10;2136.75
2017-02-13;2137.81
2017-02-14;2138.88
2017-02-15;2139.94
2017-02-16;2141.01
2017-02-17;2142.07
2017-02-20;2143.14
2017-02-21;2144.21
2017-02-22;2145.27
2017-02-23;2146.28
2017-02-24;2147.29
2017-03-01;2148.3
2017-03-02;2149.31
2017-03-03;2150.32
2017-03-06;2151.33
2017-03-07;2152.35
2017-03-08;2153.36
2017-03-09;2154.37
2017-03-10;2155.38
2017-03-13;2156.4
2017-03-14;2157.41
2017-03-15;2158.43
2017-03-16;2159.44
2017-03-17;2160.46
2017-03-20;2161.47
2017-03-21;2162.49
2017-03-22;2163.51
2017-03-23;2164.52
2017-03-24;2165.54
2017-03-27;2166.56
2017-03-28;2167.58
2017-03-29;2168.6
2017-03-30;2169.62
2017-03-31;2170.64
2017-04-03;2171.66
2017-04-04;2172.68
2017-04-05;2173.7
2017-04-06;2174.73
2017-04-07;2175.75
2017-04-10;2176.77
2017-04-11;2177.8
2017-04-12;2178.82
2017-04-13;2179.77
2017-04-17;2180.71
2017-04-18;2181.66
2017-04-19;2182.6
2017-04-20;2183.55
2017-04-24;2184.49
2017-04-25;2185.44
2017-04-26;2186.39
2017-04-27;2187.34
2017-04-28;2188.29
2017-05-02;2189.23
2017-05-03;2190.18
2017-05-04;2191.13
2017-05-05;2192.08
2017-05-08;2193.03
2017-05-09;2193.98
2017-05-10;2194.93
2017-05-11;2195.89
2017-05-12;2196.84
2017-05-15;2197.79
2017-05-16;2198.74
2017-05-17;2199.7
2017-05-18;2200.65
2017-05-19;2201.6
2017-05-22;2202.56
2017-05-23;2203.51
2017-05-24;2204.47
2017-05-25;2205.42
2017-05-26;2206.38
2017-05-29;2207.34
2017-05-30;2208.29
2017-05-31;2209.25
2017-06-01;2210.13
2017-06-02;2211.0
2017-06-05;2211.88
2017-06-06;2212.76
2017-06-07;2213.64
2017-06-08;2214.52
2017-06-09;2215.39
2017-06-12;2216.27
2017-06-13;2217.15
2017-06-14;2218.03
2017-06-16;2218.91
2017-06-19;2219.79
2017-06-20;2220.67
2017-06-21;2221.55
2017-06-22;2222.44
2017-06-23;2223.32
2017-06-26;2224.2
2017-06-27;2225.08
2017-06-28;2225.96
2017-06-29;2226.85
2017-06-30;2227.73
2017-07-03;2228.62
2017-07-04;2229.5
2017-07-05;2230.38
2017-07-06;2231.27
2017-07-07;2232.15
2017-07-10;2233.04
2017-07-11;2233.93
2017-07-12;2234.81
2017-07-13;2235.7
2017-07-14;2236.59
2017-07-17;2237.47
2017-07-18;2238.36
2017-07-19;2239.25
2017-07-20;2240.14
2017-07-21;2241.03
2017-07-24;2241.92
2017-07-25;2242.81
2017-07-26;2243.69
2017-07-27;2244.5
2017-07-28;2245.31
2017-07-31;2246.11
2017-08-01;2246.92
2017-08-02;2247.73
2017-08-03;2248.54
2017-08-04;2249.34
2017-08-07;2250.15
2017-08-08;2250.96
2017-08-09;2251.77
2017-08-10;2252.58
2017-08-11;2253.39
2017-08-14;2254.2
2017-08-15;2255.01
2017-08-16;2255.82
2017-08-17;2256.63
2017-08-18;2257.44
2017-08-21;2258.25
2017-08-22;2259.06
2017-08-23;2259.87
2017-08-24;2260.68
2017-08-25;2261.5
2017-08-28;2262.31
2017-08-29;2263.12
2017-08-30;2263.93
2017-08-31;2264.75
2017-09-01;2265.56
2017-09-04;2266.38
2017-09-05;2267.19
2017-09-06;2268.0
2017-09-08;2268.73
2017-09-11;2269.46
2017-09-12;2270.19
2017-09-13;2270.92
2017-09-14;2271.65
2017-09-15;2272.38
2017-09-18;2273.11
2017-09-19;2273.84
2017-09-20;2274.57
2017-09-21;2275.31
2017-09-22;2276.04
2017-09-25;2276.77
2017-09-26;2277.5
2017-09-27;2278.23
2017-09-28;2278.97
2017-09-29;2279.7
2017-10-02;2280.43
2017-10-03;2281.16
2017-10-04;2281.9
2017-10-05;2282.63
2017-10-06;2283.36
2017-10-09;2284.1
2017-10-10;2284.83
2017-10-11;2285.57
2017-10-13;2286.3
2017-10-16;2287.04
2017-10-17;2287.77
2017-10-18;2288.51
2017-10-19;2289.24
2017-10-20;2289.98
2017-10-23;2290.72
2017-10-24;2291.45
2017-10-25;2292.19
2017-10-26;2292.86
2017-10-27;2293.53
2017-10-30;2294.2
2017-10-31;2294.87
2017-11-01;2295.55
2017-11-03;2296.22
2017-11-06;2296.89
2017-11-07;2297.56
2017-11-08;2298.24
2017-11-09;2298.91
2017-11-10;2299.58
2017-11-13;2300.26
2017-11-14;2300.93
2017-11-16;2301.6
2017-11-17;2302.28
2017-11-20;2302.95
2017-11-21;2303.63
2017-11-22;2304.3
2017-11-23;2304.98
2017-11-24;2305.65
2017-11-27;2306.33
2017-11-28;2307.0
2017-11-29;2307.68
2017-11-30;2308.35
2017-12-01;2309.03
2017-12-04;2309.71
2017-12-05;2310.38
2017-12-06;2311.06
2017-12-07;2311.69
2017-12-08;2312.32
2017-12-11;2312.96
2017-12-12;2313.59
2017-12-13;2314.22
2017-12-14;2314.86
2017-12-15;2315.49
2017-12-18;2316.12
2017-12-19;2316.76
2017-12-20;2317.39
2017-12-21;2318.03
2017-12-22;2318.66
2017-12-26;2319.3
2017-12-27;2319.93
2017-12-28;2320.57
2017-12-29;2321.2
2018-01-02;2321.84
2018-01-03;2322.47
2018-01-04;2323.11
2018-01-05;2323.74
2018-01-08;2324.38
2018-01-09;2325.01
2018-01-10;2325.65
2018-01-11;2326.29
2018-01-12;2326.92
2018-01-15;2327.56
2018-01-16;2328.2
2018-01-17;2328.84
2018-01-18;2329.47
2018-01-19;2330.11
2018-01-22;2330.75
2018-01-23;2331.39
2018-01-24;2332.02
2018-01-25;2332.66
2018-01-26;2333.3
2018-01-29;2333.94
2018-01-30;2334.58
2018-01-31;2335.22
2018-02-01;2335.86
2018-02-02;2336.5
2018-02-05;2337.14
2018-02-06;2337.77
2018-02-07;2338.41
2018-02-08;2339.03
2018-02-09;2339.65
2018-02-14;2340.27
2018-02-15;2340.89
2018-02-16;2341.5
2018-02-19;2342.12
2018-02-20;2342.74
2018-02-21;2343.36
2018-02-22;2343.98
2018-02-23;2344.6
2018-02-26;2345.22
2018-02-27;2345.84
2018-02-28;2346.46
2018-03-01;2347.07
2018-03-02;2347.69
2018-03-05;2348.31
2018-03-06;2348.93
2018-03-07;2349.56
2018-03-08;2350.18
2018-03-09;2350.8
2018-03-12;2351.42
2018-03-13;2352.04
2018-03-14;2352.66
2018-03-15;2353.28
2018-03-16;2353.9
2018-03-19;2354.52
2018-03-20;2355.15
2018-03-21;2355.77
2018-03-22;2356.37
2018-03-23;2356.97
2018-03-26;2357.57
2018-03-27;2358.17
2018-03-28;2358.77
2018-03-29;2359.37
2018-04-02;2359.97
2018-04-03;2360.57
2018-04-04;2361.17
2018-04-05;2361.77
2018-04-06;2362.37
2018-04-09;2362.97
2018-04-10;2363.57
2018-04-11;2364.17
2018-04-12;2364.77
2018-04-13;2365.38
2018-04-16;2365.98
2018-04-17;2366.58
2018-04-18;2367.18
2018-04-19;2367.78
2018-04-20;2368.39
2018-04-23;2368.99
2018-04-24;2369.59
2018-04-25;2370.19
2018-04-26;2370.8
2018-04-27;2371.4
2018-04-30;2372.0
2018-05-02;2372.61
2018-05-03;2373.21
2018-05-04;2373.82
2018-05-07;2374.42
2018-05-08;2375.02
2018-05-09;2375.63
2018-05-10;2376.23
2018-05-11;2376.84
2018-05-14;2377.44
2018-05-15;2378.05
2018-05-16;2378.65
2018-05-17;2379.26
2018-05-18;2379.86
2018-05-21;2380.47
2018-05-22;2381.07
2018-05-23;2381.68
2018-05-24;2382.29
2018-05-25;2382.89
2018-05-28;2383.5
2018-05-29;2384.1
2018-05-30;2384.71
2018-06-01;2385.32
2018-06-04;2385.92
2018-06-05;2386.53
2018-06-06;2387.14
2018-06-07;2387.75
2018-06-08;2388.35
2018-06-11;2388.96
2018-06-12;2389.57
2018-06-13;2390.18
2018-06-14;2390.79
2018-06-15;2391.39
2018-06-18;2392.0
2018-06-19;2392.61
2018-06-20;2393.22
2018-06-21;2393.83
2018-06-22;2394.44
2018-06-25;2395.05
2018-06-26;2395.66
2018-06-27;2396.27
2018-06-28;2396.88
2018-06-29;2397.48
2018-07-02;2398.09
2018-07-03;2398.71
2018-07-04;2399.32
2018-07-05;2399.93
2018-07-06;2400.54
2018-07-09;2401.15
2018-07-10;2401.76
2018-07-11;2402.37
2018-07-12;2402.98
2018-07-13;2403.59
2018-07-16;2404.2
2018-07-17;2404.82
2018-07-18;2405.43
2018-07-19;2406.04
2018-07-20;2406.65
2018-07-23;2407.26
2018-07-24;2407.88
2018-07-25;2408.49
2018-07-26;2409.1
2018-07-27;2409.71
2018-07-30;2410.33
2018-07-31;2410.94
2018-08-01;2411.55
2018-08-02;2412.17
2018-08-03;2412.78
2018-08-06;2413.4
2018-08-07;2414.01
2018-08-08;2414.62
2018-08-09;2415.24
2018-08-10;2415.85
2018-08-13;2416.47
2018-08-14;2417.08
2018-08-15;2417.7
2018-08-16;2418.31
2018-08-17;2418.93
2018-08-20;2419.54
2018-08-21;2420.16
2018-08-22;2420.77
2018-08-23;2421.39
2018-08-24;2422.01
2018-08-27;2422.62
2018-08-28;2423.24
2018-08-29;2423.86
2018-08-30;2424.47
2018-08-31;2425.09
2018-09-03;2425.71
2018-09-04;2426.32
2018-09-05;2426.94
2018-09-06;2427.56
2018-09-10;2428.18
2018-09-11;2428.79
2018-09-12;2429.41
2018-09-13;2430.03
2018-09-14;2430.65
2018-09-17;2431.27
2018-09-18;2431.89
2018-09-19;2432.5
2018-09-20;2433.12
2018-09-21;2433.74
2018-09-24;2434.36
2018-09-25;2434.98
2018-09-26;2435.6
2018-09-27;2436.22
2018-09-28;2436.84
2018-10-01;2437.46
2018-10-02;2438.08
2018-10-03;2438.7
2018-10-04;2439.32
2018-10-05;2439.95
2018-10-08;2440.57
2018-10-09;2441.19
2018-10-10;2441.81
2018-10-11;2442.43
2018-10-15;2443.06
2018-10-16;2443.68
2018-10-17;2444.3
2018-10-18;2444.92
2018-10-19;2445.55
2018-10-22;2446.17
2018-10-23;2446.79
2018-10-24;2447.42
2018-10-25;2448.04
2018-10-26;2448.66
2018-10-29;2449.29
2018-10-30;2449.91
2018-10-31;2450.54
2018-11-01;2451.16
2018-11-05;2451.79
2018-11-06;2452.41
2018-11-07;2453.04
2018-11-08;2453.66
2018-11-09;2454.29
2018-11-12;2454.91
2018-11-13;2455.54
2018-11-14;2456.16
2018-11-16;2456.79
2018-11-19;2457.41
2018-11-20;2458.04
2018-11-21;2458.67
2018-11-22;2459.29
2018-11-23;2459.92
2018-11-26;2460.55
2018-11-27;2461.17
2018-11-28;2461.8
2018-11-29;2462.43
2018-11-30;2463.06
2018-12-03;2463.68
2018-12-04;2464.31
2018-12-05;2464.94
2018-12-06;2465.57
2018-12-07;2466.2
2018-12-10;2466.82
2018-12-11;2467.45
2018-12-12;2468.08
2018-12-13;2468.71
2018-12-14;2469.34
2018-12-17;2469.97
2018-12-18;2470.6
2018-12-19;2471.23
2018-12-20;2471.86
2018-12-21;2472.49
2018-12-24;2473.12
2018-12-26;2473.75
2018-12-27;2474.38
2018-12-28;2475.01
2018-12-31;2475.64
2019-01-02;2476.27
2019-01-03;2476.9
2019-01-04;2477.53
2019-01-07;2478.16
2019-01-08;2478.79
2019-01-09;2479.43
2019-01-10;2480.06
2019-01-11;2480.69
2019-01-14;2481.32
2019-01-15;2481.95
2019-01-16;2482.59
2019-01-17;2483.22
2019-01-18;2483.85
2019-01-21;2484.49
2019-01-22;2485.12
2019-01-23;2485.75
2019-01-24;2486.39
2019-01-25;2487.02
2019-01-28;2487.65
2019-01-29;2488.29
2019-01-30;2488.92
2019-01-31;2489.55
2019-02-01;2490.19
2019-02-04;2490.82
2019-02-05;2491.46
2019-02-06;2492.09
2019-02-07;2492.73
2019-02-08;2493.36
2019-02-11;2494.0
2019-02-12;2494.63
2019-02-13;2495.27
2019-02-14;2495.91
2019-02-15;2496.54
2019-02-18;2497.18
2019-02-19;2497.81
2019-02-20;2498.45
2019-02-21;2499.09
2019-02-22;2499.72
2019-02-25;2500.36
2019-02-26;2501.0
2019-02-27;2501.64
2019-02-28;2502.27
2019-03-01;2502.91
2019-03-06;2503.55
2019-03-07;2504.19
2019-03-08;2504.82
2019-03-11;2505.46
2019-03-12;2506.1
2019-03-13;2506.74
2019-03-14;2507.38
2019-03-15;2508.02
2019-03-18;2508.66
2019-03-19;2509.3
2019-03-20;2509.94
2019-03-21;2510.57
2019-03-22;2511.21
2019-03-25;2511.85
2019-03-26;2512.49
2019-03-27;2513.13
2019-03-28;2513.78
2019-03-29;2514.42
2019-04-01;2515.06
2019-04-02;2515.7
2019-04-03;2516.34
2019-04-04;2516.98
2019-04-05;2517.62
2019-04-08;2518.26
2019-04-09;2518.9
2019-04-10;2519.55
2019-04-11;2520.19
2019-04-12;2520.83
2019-04-15;2521.47
2019-04-16;2522.11
2019-04-17;2522.76
2019-04-18;2523.4
2019-04-22;2524.04
2019-04-23;2524.69
2019-04-24;2525.33
2019-04-25;2525.97
2019-04-26;2526.62
2019-04-29;2527.26
2019-04-30;2527.9
2019-05-02;2528.55
2019-05-03;2529.19
2019-05-06;2529.84
2019-05-07;2530.48
2019-05-08;2531.13
2019-05-09;2531.77
2019-05-10;2532.42
2019-05-13;2533.06
2019-05-14;2533.71
2019-05-15;2534.35
2019-05-16;2535.0
2019-05-17;2535.65
2019-05-20;2536.29
2019-05-21;2536.94
2019-05-22;2537.58
2019-05-23;2538.23
2019-05-24;2538.88
2019-05-27;2539.52
2019-05-28;2540.17
2019-05-29;2540.82
2019-05-30;2541.47
2019-05-31;2542.11
2019-06-03;2542.76
2019-06-04;2543.41
2019-06-05;2544.06
2019-06-06;2544.71
2019-06-07;2545.35
2019-06-10;2546.0
2019-06-11;2546.65
2019-06-12;2547.3
2019-06-13;2547.95
2019-06-14;2548.6
2019-06-17;2549.25
2019-06-18;2549.9
2019-06-19;2550.55
2019-06-21;2551.2
2019-06-24;2551.85
2019-06-25;2552.5
2019-06-26;2553.15
2019-06-27;2553.8
2019-06-28;2554.45
2019-07-01;2555.1
2019-07-02;2555.75
2019-07-03;2556.4
2019-07-04;2557.05
2019-07-05;2557.71
2019-07-08;2558.36
2019-07-09;2559.01
2019-07-10;2559.66
2019-07-11;2560.31
2019-07-12;2560.97
2019-07-15;2561.62
2019-07-16;2562.27
2019-07-17;2562.93
2019-07-18;2563.58
2019-07-19;2564.23
2019-07-22;2564.88
2019-07-23;2565.54
2019-07-24;2566.19
2019-07-25;2566.85
2019-07-26;2567.5
2019-07-29;2568.15
2019-07-30;2568.81
2019-07-31;2569.46
2019-08-01;2570.07
2019-08-02;2570.67
2019-08-05;2571.28
2019-08-06;2571.88
2019-08-07;2572.49
2019-08-08;2573.1
2019-08-09;2573.7
2019-08-12;2574.31
2019-08-13;2574.91
2019-08-14;2575.52
2019-08-15;2576.13
2019-08-16;2576.73
2019-08-19;2577.34
2019-08-20;2577.95
2019-08-21;2578.55
2019-08-22;2579.16
2019-08-23;2579.77
2019-08-26;2580.38
2019-08-27;2580.98
2019-08-28;2581.59
2019-08-29;2582.2
2019-08-30;2582.81
2019-09-02;2583.42
2019-09-03;2584.02
2019-09-04;2584.63
2019-09-05;2585.24
2019-09-06;2585.85
2019-09-09;2586.46
2019-09-10;2587.07
2019-09-11;2587.68
2019-09-12;2588.29
2019-09-13;2588.9
2019-09-16;2589.51
2019-09-17;2590.11
2019-09-18;2590.72
2019-09-19;2591.28
2019-09-20;2591.84
2019-09-23;2592.4
2019-09-24;2592.96
2019-09-25;2593.52
2019-09-26;2594.08
2019-09-27;2594.64
2019-09-30;2595.21
2019-10-01;2595.77
2019-10-02;2596.33
2019-10-03;2596.89
2019-10-04;2597.45
2019-10-07;2598.01
2019-10-08;2598.57
2019-10-09;2599.13
2019-10-10;2599.69
2019-10-11;2600.26
2019-10-14;2600.82
2019-10-15;2601.38
2019-10-16;2601.94
2019-10-17;2602.5
2019-10-18;2603.07
2019-10-21;2603.63
2019-10-22;2604.19
2019-10-23;2604.75
2019-10-24;2605.32
2019-10-25;2605.88
2019-10-28;2606.44
2019-10-29;2607.0
2019-10-30;2607.57
2019-10-31;2608.08
2019-11-01;2608.59
2019-11-04;2609.1
2019-11-05;2609.62
2019-11-06;2610.13
2019-11-07;2610.64
2019-11-08;2611.16
2019-11-11;2611.67
2019-11-12;2612.18
2019-11-13;2612.7
2019-11-14;2613.21
2019-11-18;2613.72
2019-11-19;2614.24
2019-11-20;2614.75
2019-11-21;2615.26
2019-11-22;2615.78
2019-11-25;2616.29
2019-11-26;2616.81
2019-11-27;2617.32
2019-11-28;2617.83
2019-11-29;2618.35
2019-12-02;2618.86
